"Povpreèna porabljena denarna sredstva gospodinjstev, Slovenija, veèletno"

"ECOICOP","2000 Povpreèno na gospodinjstvo (EUR)","2000 Povpreèno na èlana gospodinjstva (EUR)","2000 Struktura porabe (%)","2001 Povpreèno na gospodinjstvo (EUR)","2001 Povpreèno na èlana gospodinjstva (EUR)","2001 Struktura porabe (%)","2002 Povpreèno na gospodinjstvo (EUR)","2002 Povpreèno na èlana gospodinjstva (EUR)","2002 Struktura porabe (%)","2003 Povpreèno na gospodinjstvo (EUR)","2003 Povpreèno na èlana gospodinjstva (EUR)","2003 Struktura porabe (%)","2004 Povpreèno na gospodinjstvo (EUR)","2004 Povpreèno na èlana gospodinjstva (EUR)","2004 Struktura porabe (%)","2005 Povpreèno na gospodinjstvo (EUR)","2005 Povpreèno na èlana gospodinjstva (EUR)","2005 Struktura porabe (%)","2006 Povpreèno na gospodinjstvo (EUR)","2006 Povpreèno na èlana gospodinjstva (EUR)","2006 Struktura porabe (%)","2007 Povpreèno na gospodinjstvo (EUR)","2007 Povpreèno na èlana gospodinjstva (EUR)","2007 Struktura porabe (%)","2008 Povpreèno na gospodinjstvo (EUR)","2008 Povpreèno na èlana gospodinjstva (EUR)","2008 Struktura porabe (%)","2009 Povpreèno na gospodinjstvo (EUR)","2009 Povpreèno na èlana gospodinjstva (EUR)","2009 Struktura porabe (%)","2010 Povpreèno na gospodinjstvo (EUR)","2010 Povpreèno na èlana gospodinjstva (EUR)","2010 Struktura porabe (%)","2012 Povpreèno na gospodinjstvo (EUR)","2012 Povpreèno na èlana gospodinjstva (EUR)","2012 Struktura porabe (%)","2015 Povpreèno na gospodinjstvo (EUR)","2015 Povpreèno na èlana gospodinjstva (EUR)","2015 Struktura porabe (%)","2018 Povpreèno na gospodinjstvo (EUR)","2018 Povpreèno na èlana gospodinjstva (EUR)","2018 Struktura porabe (%)"
"00 PORABLJENA SREDSTVA",12808.94,4294.93,100.00,13595.67,4652.50,100.00,14572.34,5089.98,100.00,15446.62,5536.19,100.00,16664.79,6118.07,100.00,17215.04,6435.04,100.00,18026.54,6804.64,100.00,18806.37,7142.42,100.00,20753.76,8022.85,100.00,20355.73,7957.67,100.00,20338.99,8046.11,100.00,19250.03,7669.10,100.00,19496.43,7523.63,100.00,21360.35,8608.35,100.00
"001 Izdatki za življenjske potrebšèine",11518.97,3862.39,89.93,12230.64,4185.38,89.96,13042.37,4555.57,89.50,13744.85,4926.26,88.98,14615.64,5365.78,87.70,14956.24,5590.69,86.88,15331.77,5787.42,85.05,15908.15,6041.71,84.59,17482.03,6758.09,84.24,17142.14,6701.38,84.21,17420.21,6891.44,85.65,16796.81,6691.70,87.26,17333.63,6689.01,88.91,19559.77,7882.70,91.57
"01 HRANA IN BREZALKOHOLNE PIJAÈE",2327.16,780.31,18.17,2422.45,828.97,17.82,2531.54,884.24,17.37,2524.89,904.94,16.35,2528.67,928.34,15.17,2488.57,930.23,14.46,2540.74,959.08,14.09,2621.35,995.55,13.94,2866.44,1108.09,13.81,2767.73,1081.99,13.60,2847.86,1126.62,14.00,2750.84,1095.90,14.29,2671.17,1030.80,13.70,2816.99,1135.27,13.19
"011 HRANA",2083.17,698.57,16.26,2177.83,745.25,16.04,2279.12,796.07,15.64,2276.45,815.91,14.71,2281.65,837.66,13.70,2249.58,840.91,13.05,2294.59,866.12,12.74,2365.23,898.28,12.57,2590.17,1001.28,12.46,2498.41,976.71,12.26,2568.89,1016.25,12.68,2471.66,984.69,12.84,2424.06,935.44,12.43,2557.70,1030.77,12.01
"0111 Kruh in izdelki iz žit",422.65,141.74,3.30,461.11,157.80,3.39,482.41,168.50,3.31,486.89,174.51,3.15,480.52,176.41,2.88,468.53,175.13,2.72,467.17,176.34,2.59,463.74,176.12,2.47,497.53,192.33,2.40,471.35,184.27,2.32,481.69,190.55,2.37,464.92,185.22,2.42,439.95,169.77,2.26,471.60,190.06,2.21
"01111 Riž",12.19,4.09,0.10,12.27,4.20,0.09,11.82,4.13,0.08,11.40,4.09,0.07,10.55,3.87,0.06,10.31,3.85,0.06,10.69,4.03,0.06,11.10,4.21,0.06,12.31,4.76,0.06,11.33,4.43,0.06,11.61,4.59,0.06,11.84,4.72,0.06,11.15,4.30,0.06,10.58,4.26,0.05
"01112 Moka in drugi izdelki iz žit",34.35,11.52,0.27,37.15,12.71,0.27,37.49,13.09,0.26,37.85,13.57,0.25,33.61,12.34,0.20,30.43,11.37,0.18,29.31,11.06,0.16,31.56,11.98,0.17,34.66,13.40,0.17,33.38,13.05,0.16,33.21,13.14,0.16,38.90,15.50,0.20,34.77,13.42,0.18,29.72,11.98,0.14
"01113 Kruh",215.88,72.40,1.69,239.42,81.93,1.76,250.31,87.43,1.72,246.76,88.44,1.60,235.96,86.63,1.42,219.17,81.93,1.27,209.94,79.25,1.16,199.63,75.82,1.06,205.84,79.57,0.99,188.86,73.83,0.93,189.44,74.94,0.93,166.68,66.40,0.87,163.48,63.09,0.84,165.17,66.56,0.78
"01114 Drugi pekovski in slašèièarski izdelki",107.67,36.11,0.84,117.59,40.24,0.86,125.29,43.76,0.86,131.42,47.10,0.85,140.68,51.65,0.84,146.75,54.86,0.85,155.05,58.53,0.86,155.95,59.23,0.83,171.77,66.40,0.83,164.49,64.31,0.81,171.74,67.94,0.84,168.37,67.08,0.87,153.57,59.26,0.79,175.57,70.76,0.82
"01115 Pice in pite",7.57,2.54,0.06,8.31,2.84,0.06,8.33,2.91,0.06,8.30,2.97,0.05,8.88,3.26,0.05,9.67,3.61,0.06,10.09,3.81,0.06,10.13,3.85,0.05,11.54,4.46,0.06,12.20,4.77,0.06,13.40,5.30,0.07,14.68,5.85,0.08,20.58,7.94,0.11,23.90,9.63,0.11
"01116 Testenine in kuskus",30.72,10.30,0.24,31.76,10.87,0.23,32.48,11.34,0.22,33.07,11.85,0.21,31.65,11.62,0.19,32.94,12.31,0.19,32.40,12.23,0.18,35.20,13.37,0.19,37.23,14.39,0.18,36.72,14.35,0.18,36.65,14.50,0.18,37.29,14.86,0.19,35.21,13.59,0.18,40.17,16.19,0.19
"01117 Žitni kosmièi",7.29,2.45,0.06,8.24,2.82,0.06,9.87,3.45,0.07,10.97,3.93,0.07,11.73,4.31,0.07,12.08,4.52,0.07,12.59,4.75,0.07,12.96,4.92,0.07,15.64,6.05,0.08,16.05,6.27,0.08,17.39,6.88,0.09,16.57,6.60,0.09,13.61,5.25,0.07,15.73,6.34,0.07
"01118 Drugi izdelki iz žit",6.97,2.34,0.05,6.37,2.18,0.05,6.82,2.38,0.05,7.13,2.55,0.05,7.45,2.73,0.04,7.19,2.69,0.04,7.09,2.68,0.04,7.22,2.74,0.04,8.54,3.30,0.04,8.31,3.25,0.04,8.24,3.26,0.04,10.58,4.21,0.05,7.59,2.93,0.04,10.77,4.34,0.05
"0112 Meso",610.75,204.82,4.77,621.92,212.82,4.58,632.74,221.01,4.35,608.31,218.03,3.94,590.08,216.64,3.54,582.06,217.58,3.37,608.99,229.87,3.38,630.25,239.35,3.35,674.98,260.93,3.25,622.24,243.25,3.05,634.94,251.18,3.13,629.81,250.91,3.27,590.70,227.95,3.03,626.10,252.32,2.94
"01121 Goveje in teleèje meso",139.12,46.65,1.09,132.90,45.48,0.98,135.51,47.33,0.93,136.94,49.08,0.89,138.21,50.74,0.83,129.63,48.46,0.75,133.20,50.28,0.74,135.56,51.48,0.72,135.91,52.54,0.65,119.06,46.54,0.58,118.03,46.69,0.58,79.69,31.75,0.41,69.37,26.77,0.36,86.14,34.71,0.40
"01122 Svinjsko meso",88.64,29.73,0.69,86.04,29.44,0.63,91.35,31.91,0.63,76.31,27.35,0.49,73.72,27.07,0.44,74.14,27.72,0.43,78.98,29.81,0.44,79.71,30.27,0.42,80.78,31.23,0.39,73.00,28.54,0.36,68.99,27.29,0.34,80.90,32.23,0.42,77.28,29.82,0.40,67.30,27.12,0.32
"01123 Ovèje in kozje meso",1.24,0.42,0.01,0.77,0.26,0.01,1.06,0.37,0.01,1.02,0.37,0.01,1.06,0.39,0.01,0.80,0.30,0.00,0.90,0.34,0.00,1.28,0.49,0.01,1.11,0.43,0.01,1.17,0.46,0.01,1.81,0.72,0.01,N,N,0.00,N,N,0.01,N,N,0.00
"01124 Perutnina",106.39,35.68,0.83,107.22,36.69,0.79,108.64,37.95,0.75,104.04,37.29,0.67,96.14,35.30,0.58,94.19,35.21,0.55,96.84,36.55,0.54,106.84,40.57,0.57,120.79,46.69,0.58,112.62,44.03,0.55,114.94,45.47,0.57,119.81,47.73,0.62,117.13,45.20,0.60,123.37,49.72,0.58
"01125 Druge vrste mesa",5.59,1.88,0.04,6.51,2.23,0.05,4.33,1.51,0.03,3.23,1.16,0.02,2.44,0.89,0.01,2.26,0.84,0.01,3.29,1.24,0.02,3.90,1.48,0.02,4.64,1.79,0.02,3.95,1.54,0.02,5.33,2.11,0.03,N,N,0.01,N,N,0.00,N,N,0.01
"01126 Užitna drobovina",10.19,3.42,0.08,9.49,3.25,0.07,8.62,3.01,0.06,8.32,2.98,0.05,9.00,3.30,0.05,9.48,3.54,0.06,10.71,4.04,0.06,10.10,3.84,0.05,10.40,4.02,0.05,9.28,3.63,0.05,9.77,3.87,0.05,9.49,3.78,0.05,10.96,4.23,0.06,9.09,3.66,0.04
"01127 Posušeno, soljeno ali dimljeno meso",228.61,76.66,1.78,247.19,84.59,1.82,250.27,87.42,1.72,243.94,87.43,1.58,234.95,86.26,1.41,233.00,87.10,1.35,244.19,92.18,1.35,244.57,92.88,1.30,267.34,103.35,1.29,250.96,98.11,1.23,266.34,105.36,1.31,242.68,96.68,1.26,220.45,85.07,1.13,242.66,97.79,1.14
"01128 Drugi mesni pripravki",30.97,10.39,0.24,31.80,10.88,0.23,32.96,11.51,0.23,34.50,12.37,0.22,34.56,12.69,0.21,38.56,14.41,0.22,40.88,15.43,0.23,48.29,18.34,0.26,54.02,20.88,0.26,52.19,20.40,0.26,49.73,19.67,0.24,94.21,37.53,0.49,93.47,36.07,0.48,95.70,38.57,0.45
"0113 Ribe in morski sadeži",50.18,16.83,0.39,55.32,18.93,0.41,61.87,21.61,0.42,62.02,22.23,0.40,62.20,22.84,0.37,63.08,23.58,0.37,61.83,23.34,0.34,62.94,23.91,0.33,72.66,28.09,0.35,72.87,28.49,0.36,79.17,31.32,0.39,81.24,32.37,0.42,74.93,28.91,0.38,86.13,34.71,0.40
"01131 Sveže ali ohlajene ribe",14.20,4.76,0.11,16.21,5.55,0.12,17.90,6.25,0.12,15.99,5.73,0.10,15.05,5.52,0.09,14.79,5.53,0.09,14.55,5.49,0.08,13.97,5.30,0.07,14.39,5.56,0.07,15.43,6.03,0.08,18.73,7.41,0.09,17.04,6.79,0.09,14.91,5.75,0.08,19.15,7.72,0.09
"01132 Zamrznjene ribe",11.74,3.94,0.09,11.36,3.89,0.08,12.94,4.52,0.09,12.28,4.40,0.08,12.16,4.47,0.07,10.98,4.10,0.06,9.87,3.73,0.05,8.99,3.41,0.05,9.87,3.82,0.05,8.78,3.43,0.04,9.02,3.57,0.04,9.39,3.74,0.05,10.61,4.09,0.05,6.94,2.80,0.03
"01133 Sveži ali ohlajeni morski sadeži",0.83,0.28,0.01,1.22,0.42,0.01,2.42,0.85,0.02,2.63,0.94,0.02,2.13,0.78,0.01,1.83,0.69,0.01,1.56,0.59,0.01,2.60,0.99,0.01,2.51,0.97,0.01,3.03,1.18,0.01,2.99,1.18,0.01,3.01,1.20,0.02,1.52,0.59,0.01,3.13,1.26,0.01
"01134 Zamrznjeni morski sadeži",2.90,0.97,0.02,3.16,1.08,0.02,3.58,1.25,0.02,3.50,1.26,0.02,3.33,1.22,0.02,3.73,1.39,0.02,3.11,1.17,0.02,2.97,1.13,0.02,2.89,1.12,0.01,2.83,1.11,0.01,3.10,1.23,0.02,3.68,1.47,0.02,4.19,1.62,0.02,5.05,2.03,0.02
"01135 Suhe, dimljene ali soljene ribe in morski sadeži",0.43,0.14,0.00,0.48,0.16,0.00,0.61,0.21,0.00,0.66,0.24,0.00,0.53,0.20,0.00,0.34,0.13,0.00,0.39,0.15,0.00,0.73,0.28,0.00,1.24,0.48,0.01,1.62,0.63,0.01,1.51,0.60,0.01,4.75,1.89,0.02,1.95,0.75,0.01,2.11,0.85,0.01
"01136 Druge konzervirane ali predelane ribe in pripravki iz morskih sadežev",20.08,6.73,0.16,22.89,7.83,0.17,24.41,8.53,0.17,26.95,9.66,0.17,28.99,10.64,0.17,31.42,11.74,0.18,32.36,12.22,0.18,33.69,12.79,0.18,41.74,16.14,0.20,41.18,16.10,0.20,43.83,17.34,0.22,43.38,17.28,0.23,41.75,16.11,0.21,49.74,20.05,0.23
"0114 Mleko, sir in jajca",333.30,111.76,2.60,350.89,120.08,2.58,363.18,126.85,2.49,369.00,132.25,2.39,370.32,135.95,2.22,360.88,134.90,2.10,364.56,137.61,2.02,391.64,148.74,2.08,452.97,175.10,2.18,454.22,177.57,2.23,460.93,182.34,2.27,419.94,167.30,2.18,403.67,155.78,2.07,411.17,165.70,1.93
"01141 Sveže polnomastno mleko",89.73,30.09,0.70,95.34,32.62,0.70,98.07,34.25,0.67,94.77,33.97,0.61,88.28,32.41,0.53,76.63,28.65,0.45,70.00,26.42,0.39,75.96,28.85,0.40,88.53,34.22,0.43,90.69,35.45,0.45,93.06,36.81,0.46,41.32,16.46,0.21,58.61,22.62,0.30,62.96,25.37,0.30
"01142 Sveže posneto mleko",15.35,5.15,0.12,15.92,5.45,0.12,18.85,6.58,0.13,21.44,7.69,0.14,24.58,9.02,0.15,26.05,9.74,0.15,27.98,10.56,0.16,28.99,11.01,0.15,28.98,11.20,0.14,24.42,9.55,0.12,19.81,7.84,0.10,58.97,23.49,0.31,32.54,12.56,0.17,18.32,7.38,0.09
"01143 Konzervirano mleko",4.31,1.44,0.03,4.71,1.61,0.03,5.06,1.77,0.03,3.19,1.14,0.02,3.50,1.28,0.02,3.37,1.26,0.02,2.79,1.05,0.02,1.96,0.75,0.01,2.30,0.89,0.01,3.12,1.22,0.02,5.61,2.22,0.03,3.54,1.41,0.02,6.51,2.51,0.03,4.67,1.88,0.02
"01144 Jogurt",55.40,18.58,0.43,57.23,19.58,0.42,59.42,20.76,0.41,61.96,22.21,0.40,64.08,23.53,0.38,66.72,24.94,0.39,71.67,27.05,0.40,78.79,29.92,0.42,91.58,35.40,0.44,89.79,35.10,0.44,89.97,35.59,0.44,78.96,31.46,0.41,61.78,23.84,0.32,62.29,25.10,0.29
"01145 Sir in skuta",77.82,26.09,0.61,86.21,29.50,0.63,88.44,30.89,0.61,92.02,32.98,0.60,91.13,33.46,0.55,91.47,34.19,0.53,93.42,35.26,0.52,101.12,38.41,0.54,118.31,45.74,0.57,122.16,47.76,0.60,127.26,50.35,0.63,148.59,59.20,0.77,150.81,58.20,0.77,159.62,64.33,0.75
"01146 Drugi mleèni izdelki",59.76,20.04,0.47,61.57,21.07,0.45,63.19,22.07,0.43,67.01,24.02,0.43,70.80,25.99,0.42,70.76,26.45,0.41,72.63,27.42,0.40,77.85,29.57,0.41,92.69,35.83,0.45,93.77,36.66,0.46,94.03,37.20,0.46,57.89,23.06,0.30,62.70,24.20,0.32,70.19,28.29,0.33
"01147 Jajca",30.93,10.37,0.24,29.92,10.24,0.22,30.14,10.53,0.21,28.60,10.25,0.19,27.95,10.26,0.17,25.89,9.68,0.15,26.07,9.84,0.14,26.96,10.24,0.14,30.57,11.82,0.15,30.26,11.83,0.15,31.19,12.34,0.15,30.68,12.22,0.16,30.72,11.85,0.16,33.11,13.34,0.16
"0115 Olje in mašèobe",87.51,29.34,0.68,87.40,29.91,0.64,87.76,30.65,0.60,84.94,30.44,0.55,81.19,29.81,0.49,78.71,29.42,0.46,79.22,29.90,0.44,83.28,31.63,0.44,95.20,36.80,0.46,93.10,36.39,0.46,96.10,38.02,0.47,101.87,40.58,0.53,110.22,42.53,0.57,95.07,38.31,0.45
"01151 Maslo",8.47,2.84,0.07,9.37,3.21,0.07,10.07,3.52,0.07,10.52,3.77,0.07,10.69,3.92,0.06,10.82,4.05,0.06,11.62,4.39,0.06,12.33,4.68,0.07,15.04,5.81,0.07,15.12,5.91,0.07,18.09,7.16,0.09,21.91,8.73,0.11,24.44,9.43,0.13,33.00,13.30,0.15
"01152 Margarina in druge rastlinske mašèobe",16.81,5.64,0.13,16.46,5.63,0.12,16.17,5.65,0.11,16.45,5.90,0.11,16.36,6.01,0.10,15.95,5.96,0.09,15.38,5.81,0.09,16.08,6.11,0.09,18.96,7.33,0.09,17.70,6.92,0.09,17.26,6.83,0.08,13.97,5.57,0.07,12.72,4.91,0.07,10.32,4.16,0.05
"01153 Oljèno olje",10.15,3.40,0.08,10.67,3.65,0.08,10.17,3.55,0.07,9.46,3.39,0.06,10.74,3.94,0.06,12.21,4.56,0.07,13.50,5.10,0.07,12.60,4.78,0.07,11.90,4.60,0.06,10.85,4.24,0.05,12.11,4.79,0.06,11.25,4.48,0.06,16.17,6.24,0.08,10.60,4.27,0.05
"01154 Drugo jedilno olje",49.26,16.52,0.38,47.89,16.39,0.35,48.26,16.86,0.33,45.58,16.33,0.30,41.70,15.31,0.25,38.21,14.28,0.22,37.03,13.98,0.21,40.43,15.35,0.21,46.94,18.14,0.23,47.26,18.48,0.23,46.74,18.49,0.23,50.44,20.09,0.26,51.86,20.01,0.27,34.95,14.09,0.16
"01155 Druge jedilne živalske mašèobe",2.82,0.94,0.02,3.00,1.03,0.02,3.09,1.08,0.02,2.94,1.05,0.02,1.69,0.62,0.01,1.51,0.56,0.01,1.68,0.64,0.01,1.84,0.70,0.01,2.36,0.91,0.01,2.17,0.85,0.01,1.91,0.76,0.01,4.30,1.71,0.02,5.01,1.93,0.03,6.20,2.50,0.03
"0116 Sadje",150.69,50.54,1.18,157.77,53.98,1.16,174.75,61.04,1.20,175.44,62.87,1.14,181.15,66.51,1.09,180.60,67.51,1.04,185.81,70.14,1.03,195.63,74.30,1.04,213.77,82.63,1.03,209.47,81.89,1.03,212.03,83.88,1.04,213.58,85.09,1.11,244.62,94.40,1.25,245.93,99.11,1.15
"01161 Sveže ali ohlajeno sadje",125.95,42.24,0.98,132.00,45.17,0.97,145.13,50.69,1.00,144.29,51.71,0.93,148.34,54.46,0.89,146.82,54.88,0.85,149.55,56.45,0.83,156.91,59.59,0.83,169.39,65.48,0.82,166.30,65.01,0.82,163.38,64.63,0.80,163.07,64.97,0.85,184.04,71.02,0.94,184.89,74.51,0.87
"01162 Zamrznjeno sadje",0.11,0.04,0.00,0.13,0.05,0.00,0.17,0.06,0.00,0.22,0.08,0.00,0.27,0.10,0.00,0.45,0.17,0.00,0.52,0.20,0.00,0.57,0.22,0.00,0.64,0.25,0.00,0.72,0.28,0.00,0.94,0.37,0.00,0.92,0.37,0.00,1.65,0.64,0.01,2.56,1.03,0.01
"01163 Suho sadje in orešèki",19.37,6.50,0.15,20.44,6.99,0.15,23.76,8.30,0.16,24.56,8.80,0.16,25.84,9.49,0.16,26.59,9.94,0.15,29.20,11.02,0.16,31.28,11.88,0.17,35.99,13.91,0.17,35.00,13.68,0.17,40.54,16.04,0.20,42.59,16.97,0.22,53.02,20.46,0.27,54.68,22.04,0.26
"01164 Konzervirano sadje in sadni izdelki",5.25,1.76,0.04,5.19,1.78,0.04,5.69,1.99,0.04,6.37,2.28,0.04,6.70,2.46,0.04,6.74,2.52,0.04,6.53,2.47,0.04,6.87,2.61,0.04,7.75,3.00,0.04,7.45,2.91,0.04,7.17,2.84,0.04,7.00,2.79,0.04,5.91,2.28,0.03,3.79,1.53,0.02
"0117 Zelenjava",162.93,54.63,1.27,166.58,57.00,1.23,180.34,63.00,1.24,184.03,65.95,1.18,192.58,70.70,1.15,192.27,71.88,1.11,197.17,74.42,1.10,197.91,75.17,1.05,208.72,80.69,1.00,204.78,80.05,0.99,213.99,84.66,1.06,190.66,75.96,0.99,213.76,82.49,1.10,223.04,89.89,1.05
"01171 Sveža ali ohlajena zelenjava razen krompirja in drugih gomoljev",89.76,30.09,0.70,90.71,31.03,0.67,99.94,34.91,0.68,98.65,35.35,0.63,103.46,37.98,0.62,99.43,37.17,0.58,102.61,38.73,0.57,101.18,38.43,0.54,108.05,41.77,0.52,110.06,43.02,0.54,115.26,45.60,0.58,102.05,40.66,0.53,120.68,46.57,0.62,129.83,52.32,0.61
"01172 Zamrznjena zelenjava razen krompirja in drugih gomoljev",4.67,1.57,0.04,5.08,1.74,0.04,5.54,1.94,0.04,6.09,2.18,0.04,6.03,2.21,0.04,6.57,2.46,0.04,7.14,2.69,0.04,7.52,2.86,0.04,8.18,3.16,0.04,6.74,2.64,0.03,6.34,2.51,0.03,6.91,2.75,0.04,6.03,2.33,0.03,6.64,2.67,0.03
"01173 Suha zelenjava, druga konzervirana ali predelana zelenjava",35.68,11.97,0.28,39.39,13.48,0.29,41.53,14.51,0.29,43.63,15.64,0.28,45.24,16.61,0.27,46.81,17.50,0.27,45.99,17.36,0.26,47.16,17.91,0.25,49.82,19.26,0.24,49.70,19.43,0.24,53.28,21.08,0.26,50.85,20.26,0.26,54.74,21.12,0.28,50.50,20.35,0.24
"01174 Krompir",20.89,7.00,0.16,18.64,6.38,0.14,20.59,7.19,0.14,22.83,8.18,0.15,24.07,8.84,0.14,23.19,8.67,0.13,23.27,8.78,0.13,24.32,9.24,0.13,25.24,9.76,0.12,21.18,8.28,0.10,22.36,8.84,0.11,19.27,7.68,0.10,20.69,7.98,0.11,22.41,9.03,0.11
"01175 Èipsi",11.93,4.00,0.09,12.76,4.37,0.09,12.74,4.45,0.09,12.83,4.60,0.08,13.78,5.06,0.08,16.27,6.08,0.09,18.16,6.86,0.10,17.73,6.73,0.09,17.43,6.74,0.08,17.10,6.68,0.08,16.75,6.63,0.08,11.49,4.58,0.06,11.57,4.47,0.06,13.48,5.43,0.06
"01176 Drugi gomolji in proizvodi iz gomoljnic",...,...,...,...,...,...,...,...,...,...,...,...,...,...,...,...,...,...,...,...,...,...,...,...,...,...,...,...,...,...,...,...,...,N,N,0.00,N,N,0.00,0.19,0.08,0.00
"0118 Sladkor, marmelada, med, èokolada in konditorski izdelki",162.16,54.37,1.27,169.26,57.91,1.26,181.59,63.42,1.25,189.61,67.98,1.21,199.74,73.33,1.20,200.07,74.79,1.16,206.59,77.97,1.15,216.68,82.29,1.15,244.27,94.43,1.18,237.45,92.83,1.16,243.26,96.24,1.21,235.23,93.71,1.22,207.04,79.89,1.06,222.31,89.59,1.04
"01181 Sladkor",31.03,10.40,0.24,31.02,10.61,0.23,30.87,10.78,0.21,31.54,11.31,0.20,30.39,11.16,0.18,27.51,10.28,0.16,25.36,9.57,0.14,24.38,9.26,0.13,26.38,10.20,0.13,23.38,9.14,0.11,24.64,9.75,0.12,25.59,10.20,0.13,19.32,7.45,0.10,16.07,6.47,0.08
"01182 Džemi, marmelade in med",15.09,5.06,0.12,14.56,4.98,0.11,14.13,4.93,0.10,12.43,4.46,0.08,11.78,4.32,0.07,11.55,4.32,0.07,12.96,4.89,0.07,13.98,5.31,0.07,15.63,6.04,0.08,15.59,6.09,0.08,15.83,6.26,0.08,15.29,6.09,0.08,14.95,5.77,0.08,14.45,5.83,0.07
"01183 Èokolada",52.59,17.63,0.41,57.16,19.56,0.42,64.20,22.42,0.44,70.25,25.18,0.45,76.96,28.25,0.46,81.08,30.31,0.47,84.67,31.96,0.47,84.27,32.00,0.45,88.94,34.38,0.43,81.97,32.04,0.40,84.52,33.44,0.42,107.74,42.92,0.56,94.97,36.65,0.49,110.19,44.41,0.52
"01184 Konditorski izdelki",32.11,10.77,0.25,34.95,11.96,0.26,37.78,13.20,0.26,40.87,14.65,0.26,45.89,16.85,0.28,48.97,18.30,0.28,51.48,19.43,0.29,59.43,22.57,0.32,72.61,28.07,0.35,75.50,29.52,0.37,74.61,29.52,0.37,48.83,19.45,0.25,44.34,17.11,0.23,43.57,17.56,0.20
"01185 Sladoled",25.47,8.54,0.20,25.45,8.71,0.19,27.74,9.69,0.19,26.97,9.67,0.17,27.73,10.18,0.17,24.71,9.24,0.14,26.29,9.92,0.15,28.47,10.81,0.15,34.08,13.18,0.16,34.06,13.32,0.17,35.71,14.13,0.18,33.55,13.37,0.17,30.65,11.83,0.16,37.68,15.19,0.18
"01186 Umetni nadomestki za sladkor",5.87,1.97,0.05,6.12,2.09,0.05,6.87,2.40,0.05,7.55,2.71,0.05,6.99,2.57,0.04,6.25,2.34,0.04,5.83,2.20,0.03,6.15,2.34,0.03,6.63,2.56,0.03,6.95,2.72,0.03,7.95,3.14,0.04,4.22,1.68,0.02,2.81,1.08,0.01,0.34,0.14,0.00
"0119 Drugi prehrambeni izdelki, d.n.",103.00,34.55,0.80,107.58,36.82,0.79,114.48,39.98,0.79,116.21,41.65,0.76,123.88,45.48,0.75,123.38,46.12,0.71,123.25,46.53,0.69,123.15,46.77,0.66,130.07,50.28,0.63,132.93,51.97,0.66,146.77,58.05,0.73,134.43,53.55,0.70,139.19,53.71,0.71,176.36,71.07,0.83
"01191 Omake, zaèimbe",34.05,11.42,0.27,33.91,11.61,0.25,35.81,12.51,0.25,35.32,12.66,0.23,36.26,13.31,0.22,35.08,13.11,0.20,33.88,12.79,0.19,32.85,12.48,0.17,36.77,14.21,0.18,37.93,14.83,0.19,42.18,16.68,0.21,34.75,13.85,0.18,34.80,13.43,0.18,41.52,16.73,0.19
"01192 Sol, zaèimbe in kuharska zelišèa",11.02,3.70,0.09,10.87,3.72,0.08,11.64,4.06,0.08,11.69,4.19,0.08,12.53,4.60,0.08,12.47,4.66,0.07,13.52,5.11,0.08,14.12,5.36,0.08,15.18,5.87,0.07,13.99,5.47,0.07,13.48,5.33,0.07,19.06,7.60,0.10,23.85,9.21,0.12,22.61,9.11,0.11
"01193 Hrana za dojenèke",11.47,3.85,0.09,12.66,4.33,0.09,13.69,4.78,0.09,13.69,4.91,0.09,13.61,5.00,0.08,13.80,5.16,0.08,14.50,5.48,0.08,14.95,5.68,0.08,16.56,6.40,0.08,17.09,6.68,0.08,17.25,6.82,0.08,17.19,6.85,0.09,15.07,5.81,0.08,10.92,4.40,0.05
"01194 Pripravljene jedi",13.89,4.66,0.09,15.76,5.39,0.12,17.74,6.20,0.12,20.34,7.29,0.13,25.66,9.42,0.15,25.67,9.59,0.15,23.75,8.97,0.13,21.50,8.17,0.11,19.73,7.63,0.10,24.30,9.50,0.12,36.16,14.30,0.18,13.84,5.51,0.07,13.48,5.20,0.07,40.25,16.22,0.19
"01199 Drugi prehrambeni izdelki, d.n.",32.57,10.92,0.25,34.38,11.77,0.25,35.60,12.44,0.24,35.17,12.61,0.23,35.82,13.15,0.21,36.36,13.59,0.21,37.59,14.19,0.21,39.73,15.09,0.21,41.83,16.17,0.20,39.62,15.49,0.19,37.71,14.92,0.19,49.58,19.75,0.26,51.99,20.06,0.27,61.05,24.60,0.29
"012 BREZALKOHOLNE PIJAÈE",243.98,81.81,1.90,244.62,83.71,1.80,252.44,88.17,1.73,248.43,89.04,1.61,247.04,90.69,1.48,238.98,89.33,1.39,246.13,92.91,1.37,256.10,97.26,1.36,276.32,106.82,1.33,269.30,105.28,1.32,278.97,110.36,1.37,279.19,111.23,1.45,247.11,95.36,1.27,259.30,104.50,1.22
"0121 Kava, èaj in kakav",82.03,27.51,0.64,80.87,27.67,0.59,81.62,28.51,0.56,79.74,28.58,0.52,78.68,28.88,0.47,77.70,29.04,0.45,80.67,30.45,0.45,85.07,32.31,0.45,93.56,36.17,0.45,91.81,35.89,0.45,95.79,37.89,0.47,104.74,41.73,0.54,101.69,39.24,0.52,104.04,41.93,0.49
"01211 Kava",60.88,20.41,0.48,58.40,19.98,0.43,59.15,20.66,0.41,56.88,20.39,0.37,55.15,20.25,0.33,54.55,20.39,0.32,57.83,21.83,0.32,62.70,23.81,0.33,69.63,26.92,0.34,68.40,26.74,0.34,70.83,28.02,0.35,82.75,32.97,0.43,77.94,30.08,0.40,81.70,32.93,0.38
"01212 Èaj",15.71,5.27,0.12,16.38,5.60,0.12,16.61,5.80,0.11,16.91,6.06,0.11,17.94,6.59,0.11,17.50,6.54,0.10,17.55,6.62,0.10,16.87,6.41,0.09,18.26,7.06,0.09,17.75,6.94,0.09,19.53,7.73,0.10,16.55,6.59,0.09,18.94,7.31,0.10,18.11,7.30,0.09
"01213 Kakav in èokolada v prahu",5.44,1.83,0.04,6.09,2.08,0.04,5.86,2.05,0.04,5.95,2.13,0.04,5.59,2.05,0.03,5.65,2.11,0.03,5.29,2.00,0.03,5.49,2.09,0.03,5.67,2.19,0.03,5.66,2.21,0.03,5.43,2.15,0.03,5.45,2.17,0.03,4.81,1.86,0.02,4.23,1.70,0.02
"0122 Mineralne vode, gazirane in negazirane brezalkoholne pijaèe, sadni in zelenjavni sokovi",161.95,54.30,1.26,163.76,56.04,1.20,170.82,59.66,1.17,168.69,60.46,1.09,168.36,61.81,1.01,161.28,60.29,0.94,165.46,62.46,0.92,171.03,64.95,0.91,182.76,70.65,0.88,177.49,69.39,0.87,183.18,72.47,0.90,174.45,69.50,0.91,145.42,56.12,0.75,155.26,62.57,0.73
"01221 Mineralna ali izvirska voda",38.03,12.75,0.30,40.69,13.93,0.30,44.39,15.50,0.30,46.05,16.50,0.30,46.12,16.93,0.28,46.10,17.23,0.27,48.88,18.45,0.27,52.62,19.98,0.28,56.07,21.68,0.27,50.19,19.62,0.25,48.83,19.32,0.24,49.18,19.59,0.26,45.71,17.64,0.23,47.19,19.02,0.22
"01222 Brezalkoholne pijaèe",46.47,15.58,0.36,44.85,15.35,0.33,44.44,15.52,0.30,43.71,15.67,0.28,47.16,17.32,0.28,50.81,18.99,0.30,55.10,20.80,0.31,58.24,22.12,0.31,62.57,24.19,0.30,61.88,24.19,0.30,66.39,26.26,0.33,62.08,24.73,0.32,54.03,20.85,0.28,60.50,24.38,0.28
"01223 Sadni in zelenjavni sokovi",77.45,25.97,0.60,78.21,26.77,0.58,81.99,28.64,0.56,78.93,28.29,0.52,75.08,27.57,0.45,64.37,24.07,0.37,61.48,23.21,0.34,60.17,22.85,0.32,64.11,24.79,0.31,65.41,25.57,0.32,67.95,26.89,0.34,63.19,25.17,0.33,45.68,17.63,0.23,47.56,19.17,0.22
"02 ALKOHOLNE PIJAÈE, TOBAK IN MAMILA",244.05,81.83,1.91,248.75,85.12,1.83,278.64,97.33,1.91,311.34,111.59,2.02,352.19,129.30,2.11,362.96,135.68,2.11,388.73,146.74,2.16,397.15,150.83,2.11,416.80,161.12,2.01,367.17,143.54,1.80,380.49,150.52,1.87,356.62,142.07,1.85,362.58,139.92,1.86,350.67,141.32,1.64
"021 ALKOHOLNE PIJAÈE",126.78,42.51,0.99,126.09,43.15,0.93,129.45,45.22,0.89,131.61,47.17,0.85,137.74,50.57,0.83,138.08,51.62,0.80,147.33,55.61,0.82,153.35,58.24,0.82,175.24,67.74,0.84,166.25,64.99,0.82,178.61,70.66,0.88,183.09,72.94,0.95,194.38,75.01,1.00,190.14,76.63,0.89
"0211 Žgane pijaèe",13.35,4.48,0.10,13.67,4.68,0.10,15.54,5.43,0.11,16.63,5.96,0.11,16.01,5.88,0.10,16.58,6.20,0.10,19.15,7.23,0.11,21.07,8.00,0.11,24.97,9.65,0.12,25.66,10.03,0.13,29.91,11.83,0.15,31.02,12.36,0.16,31.15,12.02,0.16,36.81,14.84,0.17
"02111 Žgane pijaèe in likerji",13.35,4.48,0.10,13.67,4.68,0.10,15.54,5.43,0.11,16.63,5.96,0.11,16.01,5.88,0.10,16.58,6.20,0.10,19.15,7.23,0.11,21.07,8.00,0.11,24.97,9.65,0.12,25.66,10.03,0.13,29.91,11.83,0.15,30.99,12.35,0.16,30.93,11.94,0.16,36.46,14.69,0.17
"02112 Alkoholni napitki",...,...,...,...,...,...,...,...,...,...,...,...,...,...,...,...,...,...,...,...,...,...,...,...,...,...,...,...,...,...,...,...,...,N,N,0.00,0.22,0.08,0.00,N,N,0.00
"0212 Vino",40.59,13.61,0.32,41.47,14.19,0.31,42.33,14.78,0.29,40.67,14.58,0.26,40.92,15.02,0.25,38.11,14.25,0.22,38.25,14.44,0.21,37.30,14.16,0.20,43.55,16.84,0.21,40.52,15.84,0.20,39.17,15.50,0.19,42.78,17.04,0.22,46.48,17.94,0.24,45.21,18.22,0.21
"02121 Vino iz grozdja",39.55,13.26,0.31,40.34,13.80,0.30,40.60,14.18,0.28,38.65,13.85,0.25,38.24,14.04,0.23,36.18,13.53,0.21,36.38,13.73,0.20,35.63,13.53,0.19,41.60,16.08,0.20,37.88,14.81,0.19,37.12,14.68,0.18,41.74,16.63,0.22,45.88,17.71,0.24,44.73,18.02,0.21
"02122 Vino iz drugega sadja",1.04,0.35,0.01,1.13,0.39,0.01,1.73,0.60,0.01,2.02,0.72,0.01,2.67,0.98,0.02,1.93,0.72,0.01,1.87,0.70,0.01,1.66,0.63,0.01,1.96,0.76,0.01,2.65,1.03,0.01,2.05,0.81,0.01,N,N,0.00,N,N,0.00,N,N,0.00
"02123 Alkoholizirana vina",...,...,...,...,...,...,...,...,...,...,...,...,...,...,...,...,...,...,...,...,...,...,...,...,...,...,...,...,...,...,...,...,...,N,N,0.00,N,N,0.00,N,N,0.00
"02124 Pijaèe na osnovi vina",...,...,...,...,...,...,...,...,...,...,...,...,...,...,...,...,...,...,...,...,...,...,...,...,...,...,...,...,...,...,...,...,...,N,N,0.00,N,N,0.00,N,N,0.00
"0213 Pivo",72.84,24.42,0.57,70.95,24.28,0.52,71.58,25.00,0.49,74.32,26.64,0.48,80.81,29.67,0.48,83.39,31.17,0.48,89.93,33.95,0.50,94.98,36.07,0.51,106.72,41.25,0.51,100.07,39.12,0.49,109.53,43.33,0.54,109.28,43.54,0.57,116.74,45.05,0.60,108.12,43.57,0.51
"02131 Pivo lager",...,...,...,...,...,...,...,...,...,...,...,...,...,...,...,...,...,...,...,...,...,...,...,...,...,...,...,...,...,...,...,...,...,2.19,0.87,0.01,92.07,35.53,0.47,88.78,35.78,0.42
"02132 Drugo alkoholno pivo",...,...,...,...,...,...,...,...,...,...,...,...,...,...,...,...,...,...,...,...,...,...,...,...,...,...,...,...,...,...,...,...,...,91.82,36.58,0.48,11.42,4.41,0.06,8.35,3.36,0.04
"02133 Pivo z nizko vsebnostjo alkohola in brezalkoholno pivo",...,...,...,...,...,...,...,...,...,...,...,...,...,...,...,...,...,...,...,...,...,...,...,...,...,...,...,...,...,...,...,...,...,7.56,3.01,0.04,2.30,0.89,0.01,2.46,0.99,0.01
"02134 Pijaèe na osnovi piva",...,...,...,...,...,...,...,...,...,...,...,...,...,...,...,...,...,...,...,...,...,...,...,...,...,...,...,...,...,...,...,...,...,7.70,3.07,0.04,10.95,4.23,0.06,8.54,3.44,0.04
"022 TOBAK",117.26,39.32,0.92,122.66,41.97,0.90,148.88,52.00,1.02,179.40,64.30,1.16,214.10,78.60,1.28,224.88,84.06,1.31,241.39,91.12,1.34,243.80,92.59,1.30,241.56,93.38,1.16,200.92,78.55,0.99,201.89,79.87,0.99,173.53,69.13,0.90,168.21,64.91,0.86,160.53,64.69,0.75
"0220 Tobak",117.26,39.32,0.92,122.66,41.97,0.90,148.88,52.00,1.02,179.40,64.30,1.16,214.10,78.60,1.28,224.88,84.06,1.31,241.39,91.12,1.34,243.80,92.59,1.30,241.56,93.38,1.16,200.92,78.55,0.99,201.89,79.87,0.99,173.53,69.13,0.90,168.21,64.91,0.86,160.53,64.69,0.75
"02201 Cigarete",116.73,39.14,0.91,121.84,41.69,0.90,147.85,51.64,1.01,178.27,63.89,1.15,213.21,78.27,1.28,224.56,83.94,1.30,240.78,90.89,1.34,242.74,92.19,1.29,240.42,92.94,1.16,199.19,77.87,0.98,199.97,79.11,0.98,168.89,67.29,0.88,159.09,61.39,0.82,153.75,61.96,0.72
"02202 Cigare",0.04,0.01,0.00,0.17,0.06,0.00,0.15,0.05,0.00,0.17,0.06,0.00,0.04,0.01,0.00,0.09,0.03,0.00,0.34,0.13,0.00,0.47,0.18,0.00,0.45,0.17,0.00,0.61,0.24,0.00,0.48,0.19,0.00,N,N,0.01,N,N,0.00,N,N,0.00
"02203 Drugi tobaèni izdelki",0.50,0.17,0.00,0.65,0.22,0.00,0.88,0.31,0.01,0.96,0.34,0.01,0.86,0.32,0.01,0.23,0.09,0.00,0.28,0.10,0.00,0.59,0.22,0.00,0.70,0.27,0.00,1.11,0.43,0.01,1.44,0.57,0.01,2.87,1.14,0.01,9.01,3.48,0.05,6.19,2.50,0.03
"023 Mamila",...,...,...,...,...,...,0.31,0.11,0.00,0.33,0.12,0.00,0.34,0.13,...,...,...,...,...,...,...,...,...,...,...,...,...,...,...,...,...,...,...,...,...,...,...,...,...,...,...,...
"03 OBLAÈILA IN OBUTEV",1041.56,349.24,8.13,1086.95,371.96,7.99,1155.38,403.57,7.93,1187.93,425.76,7.69,1219.31,447.64,7.32,1199.89,448.52,6.97,1222.90,461.62,6.79,1291.11,490.35,6.86,1445.17,558.67,6.96,1329.40,519.71,6.54,1301.19,514.75,6.40,1124.41,447.96,5.84,1158.95,447.24,5.94,1315.37,530.10,6.16
"031 OBLAÈILA",810.14,271.64,6.32,845.78,289.43,6.22,901.44,314.87,6.19,928.40,332.74,6.01,955.90,350.93,5.74,939.24,351.09,5.46,949.54,358.43,5.27,993.80,377.43,5.28,1102.01,426.01,5.31,1006.67,393.54,4.95,982.28,388.59,4.83,842.63,335.70,4.38,846.83,326.79,4.34,953.33,384.20,4.48
"0311 Tkanine",14.38,4.82,0.11,12.82,4.39,0.09,11.54,4.03,0.08,9.46,3.39,0.06,10.82,3.97,0.06,9.61,3.59,0.06,8.75,3.30,0.05,7.19,2.73,0.04,7.29,2.82,0.04,6.55,2.56,0.03,5.02,1.98,0.02,4.41,1.76,0.02,2.11,0.81,0.01,2.80,1.13,0.01
"0312 Oblaèila",746.40,250.27,5.83,784.18,268.35,5.77,845.62,295.37,5.80,878.18,314.75,5.69,901.86,331.10,5.41,886.74,331.47,5.15,897.81,338.90,4.98,945.99,359.27,5.03,1050.77,406.20,5.06,961.76,375.98,4.72,942.79,372.97,4.64,806.20,321.18,4.19,816.04,314.91,4.19,914.94,368.73,4.30
"03121 Oblaèila za moške",293.14,98.29,2.29,313.28,107.21,2.30,337.07,117.74,2.31,350.73,125.71,2.27,355.97,130.69,2.14,347.07,129.73,2.02,357.92,135.11,1.99,372.29,141.39,1.98,411.46,159.06,1.98,366.82,143.40,1.80,355.14,140.49,1.75,311.77,124.21,1.62,313.86,121.12,1.61,355.52,143.27,1.67
"03122 Oblaèila za ženske",342.13,114.72,2.67,352.71,120.70,2.59,385.97,134.82,2.65,410.06,146.97,2.65,420.63,154.42,2.52,411.72,153.90,2.39,406.51,153.45,2.26,429.80,163.23,2.29,473.27,182.95,2.28,434.72,169.95,2.14,420.98,166.54,2.07,339.87,135.40,1.77,343.30,132.48,1.76,383.91,154.72,1.80
"03123 Oblaèila za dojenèke (0 do 2 leti) in otroke (3 do 13 let)",111.13,37.26,0.87,118.20,40.45,0.87,122.58,42.81,0.84,117.39,42.07,0.76,125.26,45.98,0.75,127.96,47.83,0.74,133.37,50.35,0.74,143.90,54.65,0.77,166.04,64.19,0.80,160.21,62.63,0.79,166.68,65.94,0.82,154.56,61.57,0.80,158.87,61.31,0.81,175.52,70.73,0.82
"0313 Druga oblaèila in dodatki",25.55,8.57,0.20,23.91,8.18,0.18,22.62,7.90,0.16,23.11,8.28,0.15,27.85,10.22,0.17,28.90,10.80,0.17,31.90,12.04,0.18,31.56,11.99,0.17,34.41,13.30,0.17,29.31,11.46,0.14,27.27,10.79,0.13,17.65,7.03,0.09,13.69,5.28,0.07,17.05,6.87,0.08
"03131 Druga oblaèila",...,...,...,...,...,...,...,...,...,...,...,...,...,...,...,...,...,...,...,...,...,...,...,...,...,...,...,...,...,...,...,...,...,13.34,5.31,0.07,9.03,3.49,0.05,11.12,4.48,0.05
"03132 Dodatki za oblaèila",...,...,...,...,...,...,...,...,...,...,...,...,...,...,...,...,...,...,...,...,...,...,...,...,...,...,...,...,...,...,...,...,...,4.31,1.72,0.02,4.66,1.80,0.02,5.93,2.39,0.03
"0314 Èišèenje, popravilo in izposoja oblaèil",23.81,7.98,0.19,24.87,8.51,0.18,21.66,7.57,0.15,17.65,6.33,0.11,15.38,5.64,0.09,13.98,5.23,0.08,11.08,4.18,0.06,9.05,3.44,0.05,9.54,3.69,0.05,9.06,3.54,0.04,7.20,2.85,0.04,14.36,5.72,0.07,14.99,5.79,0.08,18.54,7.47,0.09
"03141 Èišèenje oblaèil",10.53,3.53,0.08,10.23,3.50,0.08,9.56,3.34,0.07,8.76,3.14,0.06,7.76,2.85,0.05,6.72,2.51,0.04,6.75,2.55,0.04,5.02,1.90,0.03,5.74,2.22,0.03,4.71,1.84,0.02,4.76,1.88,0.02,11.05,4.40,0.06,10.63,4.10,0.05,13.66,5.50,0.06
"03142 Popravila in izposoja oblaèil",13.28,4.45,0.10,14.64,5.01,0.11,12.10,4.23,0.08,8.89,3.19,0.06,7.62,2.80,0.05,7.26,2.71,0.04,4.34,1.64,0.02,4.04,1.53,0.02,3.80,1.47,0.02,4.35,1.70,0.02,2.44,0.97,0.01,3.31,1.32,0.02,4.36,1.68,0.02,4.88,1.97,0.02
"032 OBUTEV",231.42,77.60,1.81,241.17,82.53,1.77,253.94,88.70,1.74,259.53,93.02,1.68,263.41,96.71,1.58,260.65,97.43,1.51,273.36,103.19,1.52,297.31,112.92,1.58,343.16,132.66,1.65,322.73,126.17,1.59,318.91,126.16,1.57,281.78,112.26,1.46,312.12,120.45,1.60,362.04,145.90,1.70
"0321 Èevlji in druga obutev",226.58,75.97,1.77,237.45,81.26,1.75,250.73,87.58,1.72,256.74,92.02,1.66,260.58,95.67,1.56,258.50,96.63,1.50,270.77,102.21,1.50,295.46,112.21,1.57,341.50,132.01,1.65,322.33,126.01,1.58,318.36,125.94,1.57,280.92,111.92,1.46,311.59,120.24,1.60,361.17,145.55,1.70
"03211 Obutev za moške",91.73,30.76,0.72,96.30,32.95,0.71,101.69,35.52,0.70,107.00,38.35,0.69,108.95,40.00,0.65,107.60,40.22,0.63,111.02,41.91,0.62,121.20,46.03,0.64,138.69,53.61,0.67,129.30,50.55,0.64,126.10,49.89,0.62,118.18,47.08,0.61,135.89,52.44,0.70,157.67,63.54,0.74
"03212 Obutev za ženske",97.14,32.57,0.76,102.72,35.15,0.76,109.62,38.29,0.75,112.21,40.22,0.73,111.84,41.06,0.67,111.60,41.72,0.65,118.29,44.65,0.66,130.02,49.38,0.69,149.63,57.84,0.72,140.51,54.93,0.69,138.02,54.60,0.68,123.79,49.32,0.64,133.31,51.44,0.68,147.92,59.61,0.69
"03213 Obutev za dojenèke in otroke",37.71,12.64,0.29,38.43,13.15,0.28,39.42,13.77,0.27,37.53,13.45,0.24,39.79,14.61,0.24,39.31,14.69,0.23,41.46,15.65,0.23,44.25,16.80,0.24,53.18,20.56,0.26,52.53,20.53,0.26,54.24,21.46,0.27,38.95,15.52,0.20,42.39,16.36,0.22,55.58,22.40,0.26
"0322 Popravilo in izposoja obutve",4.85,1.62,0.04,3.72,1.27,0.03,3.21,1.12,0.02,2.80,1.00,0.02,2.83,1.04,0.02,2.15,0.80,0.01,2.59,0.98,0.01,1.85,0.70,0.01,1.67,0.64,0.01,0.40,0.16,0.00,0.55,0.22,0.00,0.86,0.34,0.00,0.53,0.20,0.00,0.88,0.35,0.00
"04 STANOVANJA, VODA, ELEKTRIÈNA ENERGIJA, PLIN IN DRUGO GORIVO",1286.95,431.52,10.05,1429.18,489.07,10.51,1519.39,530.71,10.43,1603.71,574.78,10.38,1718.97,631.08,10.31,1815.57,678.66,10.55,1906.75,719.76,10.58,2035.90,773.21,10.83,2265.54,875.80,10.92,2333.95,912.41,11.47,2410.36,953.54,11.85,2624.68,1045.60,13.63,2558.10,987.16,13.12,2736.41,1102.79,12.81
"041 Dejanske najemnine za stanovanja",86.27,28.93,0.67,93.91,32.14,0.69,104.38,36.46,0.72,111.52,39.97,0.72,133.36,48.96,0.80,146.30,54.69,0.85,154.41,58.29,0.86,167.10,63.46,0.89,201.58,77.93,0.97,245.39,95.93,1.21,263.34,104.18,1.29,269.99,107.56,1.40,306.68,118.35,1.57,382.36,154.09,1.80
"0411 Dejanske najemnine, ki jih plaèujejo najemniki",83.09,27.86,0.65,91.36,31.27,0.67,102.58,35.83,0.70,109.34,39.19,0.71,129.46,47.53,0.78,138.09,51.62,0.80,146.42,55.27,0.81,159.15,60.44,0.85,196.94,76.13,0.95,238.29,93.15,1.17,257.44,101.85,1.27,195.65,77.94,1.02,229.19,88.44,1.18,299.50,120.70,1.41
"0412 Druge dejanske najemnine",3.18,1.07,0.02,2.55,0.87,0.02,1.80,0.63,0.01,2.18,0.78,0.01,3.90,1.43,0.02,8.20,3.07,0.05,7.99,3.02,0.04,7.95,3.02,0.04,4.64,1.79,0.02,7.11,2.78,0.03,5.90,2.33,0.03,N,N,0.05,9.30,3.59,0.05,10.76,4.34,0.05
"0413 Nadomestilo za uporabo stavbnega zemljišèa",...,...,...,...,...,...,...,...,...,...,...,...,...,...,...,...,...,...,...,...,...,...,...,...,...,...,...,...,...,...,...,...,...,64.56,25.72,0.34,68.19,26.31,0.35,72.10,29.06,0.34
"043 Vzdrževanje in popravilo stanovanja",147.37,49.41,1.15,156.17,53.44,1.15,155.75,54.40,1.07,167.69,60.10,1.09,181.52,66.64,1.09,190.41,71.18,1.11,193.01,72.86,1.07,201.71,76.61,1.07,236.18,91.30,1.14,235.92,92.23,1.16,236.96,93.74,1.17,193.15,76.95,1.00,157.75,60.87,0.81,233.31,94.03,1.10
"0431 Materiali za vzdrževanje in popravilo stanovanja",69.43,23.28,0.54,69.50,23.78,0.51,65.04,22.72,0.45,69.86,25.04,0.45,77.07,28.29,0.46,84.91,31.74,0.49,87.65,33.09,0.49,89.44,33.97,0.48,106.63,41.22,0.51,105.88,41.39,0.52,114.16,45.16,0.56,80.31,31.99,0.42,72.17,27.85,0.37,100.67,40.57,0.47
"0432 Storitve za vzdrževanje in popravilo stanovanja",77.94,26.13,0.61,86.67,29.66,0.64,90.71,31.68,0.62,97.83,35.06,0.63,104.45,38.35,0.63,105.50,39.44,0.61,105.35,39.77,0.58,112.27,42.64,0.60,129.55,50.08,0.62,130.04,50.84,0.64,122.80,48.58,0.60,112.84,44.95,0.59,85.58,33.02,0.44,132.64,53.46,0.62
"044 Oskrba z vodo in razne storitve v zvezi s stanovanjem",217.35,72.88,1.70,251.71,86.14,1.85,292.24,102.08,2.01,328.35,117.68,2.13,359.25,131.89,2.16,385.19,143.99,2.24,411.99,155.52,2.29,436.64,165.83,2.32,471.20,182.15,2.27,478.95,187.24,2.35,490.82,194.17,2.41,515.29,205.29,2.68,556.50,214.75,2.85,628.41,253.25,2.95
"0441 Oskrba z vodo",102.72,34.44,0.80,121.15,41.46,0.89,142.22,49.68,0.98,159.47,57.15,1.03,174.18,63.95,1.05,181.86,67.98,1.06,190.81,72.03,1.06,193.43,73.46,1.03,203.68,78.74,0.98,196.57,76.84,0.97,195.95,77.52,0.96,258.19,102.86,1.34,233.00,89.91,1.20,201.10,81.04,0.94
"0442 Zbiranje odpadkov",47.95,16.08,0.37,56.68,19.40,0.42,67.64,23.63,0.46,77.11,27.64,0.50,82.13,30.15,0.49,88.51,33.08,0.51,93.35,35.24,0.52,100.13,38.03,0.53,108.08,41.78,0.52,114.16,44.63,0.56,116.33,46.02,0.57,110.76,44.13,0.58,146.56,56.56,0.75,149.84,60.39,0.70
"0443 Zbiranje odpadnih voda",18.24,6.12,0.14,20.60,7.05,0.15,22.20,7.75,0.15,23.90,8.57,0.15,25.33,9.30,0.15,26.47,9.89,0.15,25.73,9.71,0.14,30.45,11.56,0.16,37.80,14.61,0.18,43.26,16.91,0.21,49.82,19.71,0.24,41.97,16.72,0.22,63.57,24.53,0.33,172.47,69.51,0.81
"0444 Druge storitve za stanovanja, d.n.",48.44,16.24,0.38,53.28,18.23,0.39,60.18,21.02,0.41,67.88,24.33,0.44,77.61,28.49,0.47,88.36,33.03,0.51,102.10,38.54,0.57,112.63,42.78,0.60,121.64,47.02,0.59,124.95,48.85,0.61,128.73,50.92,0.63,104.37,41.58,0.54,113.37,43.75,0.58,105.00,42.32,0.49
"045 Elektrièna energija, plin in druga goriva",835.96,280.30,6.53,927.39,317.36,6.82,967.02,337.77,6.64,996.15,357.03,6.45,1044.83,383.58,6.27,1093.67,408.82,6.35,1147.34,433.10,6.36,1230.45,467.31,6.54,1356.58,524.42,6.54,1373.68,537.01,6.75,1419.23,561.45,6.98,1646.25,655.85,8.55,1537.18,593.19,7.88,1492.32,601.42,7.01
"0451 Elektrièna energija",352.16,118.08,2.75,378.86,129.65,2.79,394.87,137.92,2.71,414.30,148.49,2.68,426.01,156.40,2.56,439.54,164.30,2.55,456.28,172.24,2.53,484.76,184.10,2.58,542.83,209.84,2.62,563.72,220.38,2.77,595.10,235.42,2.93,676.18,269.38,3.51,693.88,267.77,3.56,701.27,282.62,3.29
"0452 Plin",68.37,22.92,0.53,78.40,26.83,0.58,90.79,31.71,0.62,102.69,36.81,0.66,110.50,40.57,0.66,117.33,43.86,0.68,124.03,46.82,0.69,136.96,52.02,0.73,155.50,60.11,0.75,165.92,64.86,0.82,172.99,68.43,0.85,210.47,83.85,1.09,206.85,79.82,1.06,169.89,68.47,0.80
"04521 Zemeljski plin in mestni plin",31.90,10.70,0.25,37.84,12.95,0.28,47.65,16.64,0.33,54.92,19.68,0.36,62.09,22.80,0.37,71.82,26.85,0.42,82.23,31.04,0.46,88.97,33.79,0.47,100.19,38.73,0.48,102.44,40.05,0.50,111.30,44.03,0.55,153.21,61.04,0.80,125.69,48.50,0.64,113.62,45.79,0.53
"04522 Utekoèinjeni ogljikovodiki (butan, propan itd.)",36.47,12.23,0.28,40.55,13.88,0.30,43.14,15.07,0.30,47.78,17.12,0.31,48.41,17.77,0.29,45.50,17.01,0.26,41.80,15.78,0.23,47.99,18.23,0.26,55.31,21.38,0.27,63.48,24.82,0.31,61.69,24.41,0.30,57.25,22.81,0.30,81.16,31.32,0.42,56.27,22.68,0.26
"0453 Tekoèa goriva",278.73,93.46,2.18,314.86,107.75,2.32,309.49,108.10,2.12,302.17,108.30,1.96,330.76,121.43,1.98,352.63,131.81,2.05,369.10,139.33,2.05,386.35,146.73,2.05,412.89,159.61,1.99,395.66,154.68,1.94,389.44,154.06,1.91,456.97,182.05,2.37,254.05,98.04,1.30,229.70,92.57,1.08
"0454 Trdna goriva",39.64,13.29,0.31,46.02,15.75,0.34,49.45,17.27,0.34,52.61,18.86,0.34,55.01,20.20,0.33,66.43,24.83,0.39,81.09,30.61,0.45,95.83,36.40,0.51,106.67,41.24,0.51,108.05,42.24,0.53,115.47,45.68,0.57,165.87,66.08,0.86,240.34,92.75,1.23,260.27,104.89,1.22
"0455 Toplotna energija",97.05,32.54,0.76,109.26,37.39,0.80,122.42,42.76,0.84,124.38,44.58,0.81,122.54,44.99,0.74,117.75,44.02,0.68,116.84,44.11,0.65,126.55,48.06,0.67,138.69,53.61,0.67,140.34,54.86,0.69,146.24,57.85,0.72,136.76,54.49,0.71,142.05,54.82,0.73,131.19,52.87,0.62
"05 STANOVANJSKA IN GOSPODINJSKA OPREMA IN TEKOÈE VZDRŽEVANJE STANOVANJ",875.22,293.47,6.83,912.89,312.40,6.71,924.99,323.09,6.35,937.54,336.02,6.07,1009.58,370.64,6.06,1087.49,406.51,6.32,1160.97,438.24,6.44,1240.67,471.19,6.60,1364.86,527.62,6.58,1348.06,527.00,6.62,1274.29,504.11,6.27,906.27,361.05,4.71,859.90,331.83,4.41,1123.42,452.75,5.26
"051 Pohištvo in stanovanjska oprema, preproge in druge talne obloge",297.98,99.93,2.33,324.14,110.92,2.38,331.67,115.85,2.28,340.09,121.89,2.20,370.40,135.98,2.22,425.43,159.03,2.47,455.75,172.04,2.53,510.01,193.70,2.71,555.21,214.63,2.68,560.66,219.18,2.75,490.27,193.95,2.41,349.35,139.18,1.81,316.24,122.04,1.62,453.46,182.75,2.13
"0511 Pohištvo in stanovanjska oprema",278.15,93.28,2.17,304.80,104.30,2.24,313.76,109.59,2.15,321.99,115.40,2.08,349.42,128.28,2.10,402.28,150.37,2.34,429.24,162.03,2.38,483.08,183.47,2.57,529.03,204.51,2.55,535.28,209.26,2.63,465.60,184.19,2.29,325.34,129.61,1.69,287.31,110.87,1.47,426.64,171.94,2.00
"05111 Gospodinjsko pohištvo",229.85,77.08,1.79,255.21,87.33,1.88,261.88,91.47,1.80,270.60,96.99,1.75,291.23,106.92,1.75,337.77,126.26,1.96,358.09,135.17,1.99,403.11,153.10,2.14,434.33,167.90,2.09,432.75,169.17,2.13,374.19,148.03,1.84,291.73,116.22,1.52,252.16,97.31,1.29,371.29,149.63,1.74
"05112 Vrtno pohištvo",...,...,...,...,...,...,...,...,...,...,...,...,...,...,...,...,...,...,...,...,...,...,...,...,...,...,...,...,...,...,...,...,...,3.84,1.53,0.02,2.71,1.04,0.01,8.08,3.26,0.04
"05113 Oprema za razsvetljavo",8.36,2.80,0.07,8.99,3.08,0.07,8.34,2.91,0.06,8.61,3.08,0.06,9.82,3.60,0.06,11.84,4.42,0.07,12.75,4.81,0.07,14.21,5.40,0.08,15.72,6.08,0.08,15.30,5.98,0.08,13.85,5.48,0.07,8.73,3.48,0.05,6.19,2.39,0.03,9.01,3.63,0.04
"05119 Drugo pohištvo in stanovanjska oprema",39.93,13.39,0.31,40.60,13.89,0.30,43.54,15.21,0.30,42.78,15.33,0.28,48.38,17.76,0.29,52.67,19.69,0.31,58.40,22.04,0.32,65.75,24.97,0.35,78.97,30.53,0.38,87.24,34.10,0.43,77.56,30.68,0.38,21.03,8.38,0.11,26.26,10.13,0.13,38.26,15.42,0.18
"0512 Preproge in druge talne obloge",16.27,5.46,0.13,15.85,5.42,0.12,15.03,5.25,0.10,14.74,5.28,0.10,17.21,6.32,0.10,18.85,7.05,0.11,22.57,8.52,0.13,22.29,8.46,0.12,20.77,8.03,0.10,17.93,7.01,0.09,17.98,7.11,0.09,21.91,8.73,0.11,25.74,9.93,0.13,23.24,9.36,0.11
"0513 Popravilo pohištva, stanovanjske opreme in talnih oblog",3.56,1.19,0.03,3.49,1.19,0.03,2.88,1.01,0.02,3.36,1.20,0.02,3.77,1.38,0.02,4.30,1.61,0.02,3.95,1.49,0.02,4.65,1.77,0.02,5.42,2.09,0.03,7.44,2.91,0.04,6.70,2.65,0.03,N,N,0.01,3.20,1.23,0.02,3.58,1.44,0.02
"052 Tekstilni izdelki za gospodinjstvo",56.03,18.79,0.44,54.38,18.61,0.40,54.42,19.01,0.37,55.92,20.04,0.36,66.18,24.30,0.40,72.78,27.21,0.42,80.44,30.36,0.45,78.48,29.81,0.42,84.93,32.83,0.41,82.65,32.31,0.41,86.97,34.40,0.43,36.34,14.48,0.19,36.58,14.12,0.19,50.14,20.21,0.24
"0520 Tekstilni izdelki za gospodinjstvo",56.03,18.79,0.44,54.38,18.61,0.40,54.42,19.01,0.37,55.92,20.04,0.36,66.18,24.30,0.40,72.78,27.21,0.42,80.44,30.36,0.45,78.48,29.81,0.42,84.93,32.83,0.41,82.65,32.31,0.41,86.97,34.40,0.43,36.34,14.48,0.19,36.58,14.12,0.19,50.14,20.21,0.24
"05201 Tkanine za notranjo opremo in zavese",13.48,4.52,0.11,12.98,4.44,0.10,12.04,4.21,0.08,11.39,4.08,0.07,13.47,4.94,0.08,15.49,5.79,0.09,16.14,6.09,0.09,16.33,6.20,0.09,16.58,6.41,0.08,15.65,6.12,0.08,14.05,5.56,0.07,5.53,2.20,0.03,3.57,1.38,0.02,5.46,2.20,0.03
"05202 Posteljno perilo",22.78,7.64,0.18,24.29,8.31,0.18,23.25,8.12,0.16,25.25,9.05,0.16,26.95,9.89,0.16,31.28,11.69,0.18,32.96,12.44,0.18,34.04,12.93,0.18,37.69,14.57,0.18,36.96,14.45,0.18,36.56,14.46,0.18,18.77,7.48,0.10,21.24,8.19,0.11,26.42,10.65,0.12
"05203 Namizno in kopalniško perilo",15.75,5.28,0.12,13.28,4.54,0.10,16.08,5.62,0.11,15.80,5.66,0.10,20.32,7.46,0.12,19.39,7.25,0.11,24.23,9.15,0.13,21.39,8.12,0.11,23.40,9.04,0.11,22.25,8.70,0.11,27.22,10.77,0.13,9.45,3.77,0.05,8.84,3.41,0.05,13.31,5.36,0.06
"05209 Drugi tekstilni izdelki za gospodinjstvo",4.03,1.35,0.03,3.83,1.31,0.03,3.05,1.07,0.02,3.47,1.24,0.02,5.44,2.00,0.03,6.61,2.47,0.04,7.09,2.68,0.04,6.72,2.55,0.04,7.26,2.81,0.03,7.80,3.05,0.04,9.14,3.61,0.04,N,N,0.01,2.84,1.09,0.01,4.50,1.81,0.02
"053 Gospodinjski aparati",168.44,56.48,1.32,173.17,59.26,1.27,175.52,61.31,1.20,184.39,66.09,1.19,202.44,74.32,1.21,213.58,79.84,1.24,220.92,83.39,1.23,219.52,83.37,1.17,234.95,90.82,1.13,230.62,90.15,1.13,230.19,91.06,1.13,163.94,65.31,0.85,163.88,63.24,0.84,215.47,86.84,1.01
"0531 Veliki elektrièni ali neelektrièni gospodinjski aparati",135.34,45.38,1.06,137.77,47.14,1.01,146.37,51.13,1.00,153.54,55.03,0.99,170.32,62.53,1.02,181.72,67.93,1.06,192.91,72.82,1.07,195.82,74.37,1.04,210.12,81.23,1.01,205.46,80.32,1.01,205.02,81.11,1.01,143.39,57.12,0.74,138.72,53.53,0.71,188.03,75.78,0.88
"05311 Hladilniki, zamrzovalniki ter kombinirani hladilniki in zamrzovalniki",27.94,9.37,0.22,30.13,10.31,0.22,31.15,10.88,0.21,33.21,11.90,0.21,37.28,13.69,0.22,41.71,15.59,0.24,44.18,16.68,0.25,47.04,17.86,0.25,46.78,18.08,0.23,45.67,17.85,0.22,41.58,16.45,0.20,37.71,15.02,0.20,39.22,15.13,0.20,44.66,18.00,0.21
"05312 Pralni, sušilni in pomivalni stroji",44.55,14.94,0.35,40.74,13.94,0.30,40.48,14.14,0.28,46.10,16.52,0.30,52.95,19.44,0.32,59.76,22.34,0.35,64.53,24.36,0.36,66.33,25.19,0.35,68.19,26.36,0.33,65.08,25.44,0.32,60.91,24.10,0.30,55.47,22.10,0.29,49.21,18.99,0.25,72.62,29.27,0.34
"05313 Kuhalne naprave",30.72,10.30,0.24,32.43,11.10,0.24,36.07,12.60,0.25,35.18,12.61,0.23,39.02,14.32,0.23,37.91,14.17,0.22,38.03,14.35,0.21,34.51,13.11,0.18,39.78,15.38,0.19,37.37,14.61,0.18,36.26,14.34,0.18,29.34,11.69,0.15,24.10,9.30,0.12,29.34,11.82,0.14
"05314 Grelne naprave, klimatske naprave",9.68,3.24,0.08,12.70,4.35,0.09,16.84,5.88,0.12,16.33,5.85,0.11,16.71,6.13,0.10,20.11,7.52,0.12,24.08,9.09,0.13,25.52,9.69,0.14,28.48,11.01,0.14,31.74,12.41,0.16,39.48,15.62,0.19,10.00,3.98,0.05,15.73,6.07,0.08,30.00,12.09,0.14
"05315 Oprema za èišèenje",16.18,5.43,0.13,15.87,5.43,0.12,15.78,5.51,0.11,16.79,6.02,0.11,18.52,6.80,0.11,15.71,5.87,0.09,14.14,5.34,0.08,14.65,5.56,0.08,19.50,7.54,0.09,19.18,7.50,0.09,19.39,7.67,0.10,6.39,2.55,0.03,7.20,2.78,0.04,9.07,3.65,0.04
"05319 Drugi veèji gospodinjski aparati",6.27,2.11,0.05,5.89,2.02,0.04,6.05,2.12,0.04,5.92,2.12,0.04,5.85,2.15,0.04,6.52,2.44,0.04,7.94,3.00,0.04,7.79,2.96,0.04,7.39,2.86,0.03,6.43,2.51,0.03,7.40,2.93,0.03,4.47,1.78,0.02,3.27,1.26,0.02,2.35,0.95,0.01
"0532 Mali elektrièni gospodinjski aparati",14.04,4.71,0.11,14.98,5.13,0.11,15.31,5.35,0.11,17.03,6.10,0.11,18.59,6.82,0.11,19.36,7.24,0.11,18.89,7.13,0.10,18.85,7.16,0.10,20.29,7.84,0.10,19.42,7.59,0.10,17.98,7.11,0.09,14.99,5.97,0.08,19.03,7.34,0.10,21.72,8.75,0.10
"05321 Aparati za predelavo hrane",...,...,...,...,...,...,...,...,...,...,...,...,...,...,...,...,...,...,...,...,...,...,...,...,...,...,...,...,...,...,...,...,...,4.46,1.78,0.02,7.70,2.97,0.04,9.66,3.89,0.05
"05322 Kavni aparati, aparati za pripravljanje èaja in podobne naprave",...,...,...,...,...,...,...,...,...,...,...,...,...,...,...,...,...,...,...,...,...,...,...,...,...,...,...,...,...,...,...,...,...,2.41,0.96,0.01,3.54,1.37,0.02,3.42,1.38,0.02
"05323 Likalniki",...,...,...,...,...,...,...,...,...,...,...,...,...,...,...,...,...,...,...,...,...,...,...,...,...,...,...,...,...,...,...,...,...,3.30,1.31,0.02,1.83,0.71,0.01,3.41,1.37,0.02
"05324 Opekaèi in žari",...,...,...,...,...,...,...,...,...,...,...,...,...,...,...,...,...,...,...,...,...,...,...,...,...,...,...,...,...,...,...,...,...,1.30,0.52,0.01,1.74,0.67,0.01,1.97,0.79,0.01
"05329 Drugi mali elektrièni gospodinjski aparati",...,...,...,...,...,...,...,...,...,...,...,...,...,...,...,...,...,...,...,...,...,...,...,...,...,...,...,...,...,...,...,...,...,3.52,1.40,0.02,4.21,1.63,0.02,3.27,1.32,0.02
"0533 Popravilo gospodinjskih aparatov",19.07,6.39,0.15,20.42,6.99,0.15,13.84,4.83,0.09,13.82,4.95,0.09,13.53,4.97,0.08,12.50,4.67,0.07,9.12,3.44,0.05,4.84,1.84,0.03,4.53,1.75,0.02,5.74,2.24,0.03,7.19,2.85,0.04,5.56,2.22,0.03,6.13,2.37,0.03,5.72,2.31,0.03
"054 Steklenina, namizni pribor in gospodinjski pripomoèki",67.34,22.58,0.53,60.98,20.87,0.45,56.64,19.78,0.39,55.49,19.89,0.36,56.13,20.61,0.34,56.26,21.03,0.33,61.42,23.19,0.34,68.92,26.17,0.37,75.15,29.05,0.36,70.66,27.62,0.35,65.00,25.71,0.32,26.66,10.62,0.14,24.10,9.30,0.12,28.94,11.66,0.14
"0540 Steklenina, namizni pribor in gospodinjski pripomoèki",67.34,22.58,0.53,60.98,20.87,0.45,56.64,19.78,0.39,55.49,19.89,0.36,56.13,20.61,0.34,56.26,21.03,0.33,61.42,23.19,0.34,68.92,26.17,0.37,75.15,29.05,0.36,70.66,27.62,0.35,65.00,25.71,0.32,26.66,10.62,0.14,24.10,9.30,0.12,28.94,11.66,0.14
"05401 Steklenina, kristalni izdelki, keramièni izdelki in porcelan",13.73,4.60,0.11,13.88,4.75,0.10,12.48,4.36,0.09,12.12,4.34,0.08,11.23,4.12,0.07,11.26,4.21,0.07,10.98,4.14,0.06,11.25,4.27,0.06,12.48,4.82,0.06,12.35,4.83,0.06,11.62,4.59,0.06,6.94,2.76,0.04,4.87,1.88,0.02,6.30,2.54,0.03
"05402 Jedilni pribor, srebrni jedilni pribor",2.16,0.72,0.02,2.08,0.71,0.02,2.28,0.80,0.02,2.56,0.92,0.02,2.96,1.09,0.02,2.99,1.12,0.02,3.93,1.48,0.02,4.05,1.54,0.02,4.30,1.66,0.02,3.34,1.31,0.02,2.92,1.16,0.01,3.14,1.25,0.02,3.23,1.25,0.02,3.23,1.30,0.02
"05403 Neelektrièni kuhinjski pripomoèki in izdelki",51.44,17.25,0.40,45.01,15.40,0.33,41.86,14.62,0.29,40.82,14.63,0.26,41.95,15.40,0.25,42.00,15.70,0.24,46.51,17.56,0.26,52.87,20.08,0.28,57.58,22.26,0.28,54.17,21.18,0.27,50.46,19.96,0.25,16.57,6.60,0.09,15.99,6.17,0.08,19.37,7.81,0.09
"05404 Popravilo steklenine, namiznega pribora in gospodinjskih pripomoèkov",0.01,0.00,0.00,0.01,0.00,0.00,0.01,0.00,0.00,0.00,0.00,0.00,0.00,0.00,0.00,0.00,0.00,0.00,0.00,0.00,0.00,0.75,0.28,0.00,0.79,0.31,0.00,0.80,0.31,0.00,0.00,0.00,0.00,N,N,0.00,N,N,0.00,N,N,0.00
"055 Orodje in oprema za hišo in vrt",24.09,8.08,0.19,24.68,8.45,0.18,24.50,8.56,0.17,28.62,10.26,0.19,35.25,12.94,0.21,43.28,16.18,0.25,49.04,18.51,0.27,55.04,20.90,0.29,59.87,23.15,0.29,61.77,24.15,0.30,57.95,22.93,0.28,83.09,33.10,0.43,98.28,37.93,0.50,116.92,47.12,0.55
"0551 Veèje orodje in oprema",17.97,6.03,0.14,18.78,6.43,0.14,18.94,6.61,0.13,21.46,7.69,0.14,27.18,9.98,0.16,33.82,12.64,0.20,39.14,14.77,0.22,43.00,16.33,0.23,45.52,17.60,0.22,48.54,18.98,0.24,46.06,18.22,0.23,41.55,16.55,0.22,50.14,19.35,0.26,67.49,27.20,0.32
"05511 Veèje motorizirano orodje in oprema",...,...,...,...,...,...,...,...,...,...,...,...,...,...,...,...,...,...,...,...,...,...,...,...,...,...,...,...,...,...,...,...,...,38.82,15.47,0.20,45.10,17.40,0.23,59.22,23.86,0.28
"05512 Popravila, izposoja in najem veèjega orodja in opreme",...,...,...,...,...,...,...,...,...,...,...,...,...,...,...,...,...,...,...,...,...,...,...,...,...,...,...,...,...,...,...,...,...,2.73,1.09,0.01,5.05,1.95,0.03,8.28,3.34,0.04
"0552 Manjše orodje in razlièni dodatki",6.12,2.05,0.05,5.91,2.02,0.04,5.56,1.94,0.04,7.16,2.56,0.05,8.07,2.96,0.05,9.47,3.54,0.05,9.91,3.74,0.05,12.04,4.57,0.06,14.36,5.55,0.07,13.23,5.17,0.06,11.90,4.71,0.06,41.54,16.55,0.22,48.13,18.57,0.25,49.42,19.92,0.23
"05521 Manjše nemotorizirano orodje",...,...,...,...,...,...,...,...,...,...,...,...,...,...,...,...,...,...,...,...,...,...,...,...,...,...,...,...,...,...,...,...,...,13.19,5.25,0.07,11.81,4.56,0.06,13.58,5.47,0.06
"05522 Razlièni dodatki za manjše orodje",...,...,...,...,...,...,...,...,...,...,...,...,...,...,...,...,...,...,...,...,...,...,...,...,...,...,...,...,...,...,...,...,...,28.28,11.26,0.15,35.74,13.79,0.18,35.84,14.44,0.17
"05523 Popravilo manjšega nemotoriziranega orodja in razliènih dodatkov",...,...,...,...,...,...,...,...,...,...,...,...,...,...,...,...,...,...,...,...,...,...,...,...,...,...,...,...,...,...,...,...,...,N,N,0.00,N,N,0.00,N,N,0.00
"056 Blago in storitve za tekoèe vzdrževanje stanovanj",261.34,87.63,2.04,275.55,94.29,2.03,282.24,98.58,1.94,273.04,97.86,1.77,279.17,102.49,1.68,276.16,103.23,1.60,293.40,110.75,1.63,308.70,117.24,1.64,354.74,137.13,1.71,341.70,133.58,1.68,343.90,136.05,1.69,246.90,98.36,1.28,220.82,85.21,1.13,258.50,104.18,1.21
"0561 Potrošni material za gospodinjstvo",242.24,81.22,1.89,256.15,87.66,1.88,263.40,92.00,1.81,259.20,92.90,1.68,263.18,96.62,1.58,261.06,97.59,1.52,275.53,104.01,1.53,287.78,109.29,1.53,326.83,126.35,1.57,313.78,122.67,1.54,320.48,126.78,1.58,226.88,90.39,1.18,212.61,82.05,1.09,241.67,97.40,1.13
"05611 Izdelki za èišèenje in vzdrževanje",166.44,55.81,1.30,174.82,59.82,1.29,173.69,60.67,1.19,167.16,59.91,1.08,163.39,59.99,0.98,162.81,60.86,0.95,168.64,63.66,0.94,172.96,65.69,0.92,194.57,75.22,0.94,184.12,71.98,0.90,187.67,74.24,0.92,145.41,57.93,0.76,128.14,49.45,0.66,142.67,57.50,0.67
"05612 Drugi majhni potrošni gospodinjski izdelki",75.80,25.42,0.59,81.33,27.83,0.60,89.71,31.34,0.62,92.03,32.99,0.60,99.78,36.63,0.60,98.25,36.73,0.57,106.90,40.35,0.59,114.82,43.61,0.61,132.26,51.13,0.64,129.66,50.69,0.64,132.81,52.54,0.65,81.47,32.46,0.42,84.47,32.60,0.43,99.01,39.90,0.46
"0562 Storitve za dom in gospodinjstvo",19.10,6.40,0.15,19.40,6.64,0.14,18.84,6.58,0.13,13.84,4.96,0.09,15.99,5.87,0.10,15.09,5.64,0.09,17.86,6.74,0.10,20.92,7.95,0.11,27.91,10.79,0.13,27.92,10.91,0.14,23.43,9.27,0.12,20.02,7.98,0.10,8.21,3.17,0.04,16.82,6.78,0.08
"05621 Plaèane storitve za dom",13.84,4.64,0.11,14.75,5.05,0.11,15.19,5.31,0.10,13.11,4.70,0.08,15.13,5.55,0.09,14.41,5.39,0.08,16.74,6.32,0.09,20.00,7.60,0.11,25.96,10.03,0.13,24.65,9.63,0.12,19.73,7.80,0.10,16.19,6.45,0.08,7.05,2.72,0.04,15.99,6.44,0.08
"05622 Storitve èišèenja",1.17,0.39,0.01,0.70,0.24,0.01,0.79,0.28,0.01,0.55,0.20,0.00,0.58,0.21,0.00,0.49,0.18,0.00,0.58,0.22,0.00,0.47,0.18,0.00,0.64,0.25,0.00,0.73,0.29,0.00,0.99,0.39,0.00,N,N,0.00,N,N,0.00,N,N,0.00
"05623 Najem pohištva in opreme",0.00,0.00,0.00,0.03,0.01,0.00,0.04,0.01,0.00,0.03,0.01,0.00,0.00,0.00,0.00,0.00,0.00,0.00,0.00,0.00,0.00,0.00,0.00,0.00,0.10,0.04,0.00,0.10,0.04,0.00,0.10,0.04,0.00,0.00,0.00,0.00,N,N,0.00,N,N,0.00
"05629 Druge storitve za dom in gospodinjstvo",4.08,1.37,0.03,3.92,1.34,0.03,2.82,0.99,0.02,0.16,0.06,0.00,0.28,0.10,0.00,0.20,0.07,0.00,0.55,0.21,0.00,0.45,0.17,0.00,1.21,0.47,0.01,2.44,0.95,0.01,2.60,1.03,0.01,3.36,1.34,0.02,N,N,0.00,0.45,0.18,0.00
"06 ZDRAVSTVO",211.51,70.92,1.65,224.76,76.92,1.65,241.43,84.33,1.66,243.62,87.31,1.58,258.62,94.94,1.55,254.88,95.27,1.48,271.73,102.57,1.51,305.06,115.86,1.62,387.82,149.92,1.87,422.76,165.27,2.08,448.96,177.61,2.21,449.06,178.90,2.33,435.98,168.25,2.24,564.78,227.61,2.64
"061 Medicinski proizvodi, pripomoèki in oprema",119.04,39.92,0.93,132.06,45.19,0.97,139.35,48.67,0.96,140.89,50.49,0.91,145.77,53.52,0.87,148.67,55.57,0.86,163.50,61.72,0.91,185.18,70.33,0.98,232.18,89.75,1.12,244.91,95.74,1.20,260.33,102.99,1.28,288.47,114.92,1.50,248.89,96.05,1.28,305.61,123.16,1.44
"0611 Farmacevtski proizvodi",64.96,21.78,0.51,70.93,24.27,0.52,74.87,26.15,0.51,76.14,27.29,0.49,82.76,30.38,0.50,84.38,31.54,0.49,93.14,35.16,0.52,97.45,37.01,0.52,121.58,47.00,0.59,122.93,48.06,0.60,135.24,53.50,0.66,206.83,82.40,1.07,151.48,58.46,0.78,178.20,71.82,0.84
"0612 Drugi medicinski proizvodi",3.59,1.20,0.03,4.68,1.60,0.03,4.24,1.48,0.03,4.68,1.68,0.03,4.55,1.67,0.03,4.70,1.76,0.03,4.92,1.86,0.03,5.59,2.12,0.03,9.40,3.63,0.05,16.59,6.48,0.08,20.56,8.13,0.10,11.73,4.67,0.06,13.97,5.39,0.07,19.93,8.03,0.09
"0613 Terapevtski pripomoèki in oprema",50.49,16.93,0.39,56.45,19.32,0.42,60.24,21.04,0.41,60.07,21.53,0.39,58.46,21.46,0.35,59.59,22.28,0.35,65.45,24.71,0.36,82.14,31.20,0.44,101.20,39.12,0.49,105.39,41.20,0.52,104.53,41.35,0.51,69.91,27.85,0.36,83.43,32.20,0.43,107.48,43.31,0.50
"062 Zunajbolnišniène storitve",91.57,30.70,0.71,91.76,31.40,0.67,101.25,35.36,0.69,101.96,36.54,0.66,111.50,40.93,0.67,104.12,38.92,0.60,104.98,39.63,0.58,116.22,44.14,0.62,152.60,58.99,0.74,174.18,68.09,0.86,185.01,73.19,0.91,154.07,61.38,0.80,174.62,67.39,0.90,248.93,100.32,1.17
"0621 Zdravstvene storitve",11.41,3.83,0.09,12.66,4.33,0.09,13.34,4.66,0.09,13.71,4.91,0.09,15.48,5.68,0.09,17.12,6.40,0.10,16.97,6.40,0.09,15.73,5.97,0.08,18.31,7.08,0.09,20.72,8.10,0.10,21.48,8.50,0.11,16.56,6.60,0.09,24.02,9.27,0.12,40.43,16.29,0.19
"06211 Splošne prakse",...,...,...,...,...,...,...,...,...,...,...,...,...,...,...,...,...,...,...,...,...,...,...,...,...,...,...,...,...,...,...,...,...,1.71,0.68,0.01,N,N,0.02,1.39,0.56,0.01
"06212 Specialistiène prakse",...,...,...,...,...,...,...,...,...,...,...,...,...,...,...,...,...,...,...,...,...,...,...,...,...,...,...,...,...,...,...,...,...,14.85,5.92,0.08,19.89,7.68,0.10,39.04,15.73,0.18
"0622 Zobozdravstvene storitve",56.58,18.97,0.44,54.54,18.66,0.40,60.56,21.15,0.42,65.05,23.32,0.42,71.52,26.26,0.43,63.58,23.77,0.37,63.14,23.83,0.35,73.17,27.79,0.39,103.34,39.95,0.50,118.73,46.41,0.58,127.81,50.56,0.63,113.65,45.28,0.59,119.77,46.22,0.61,170.89,68.87,0.80
"0623 Paramedicinske storitve",23.58,7.91,0.18,24.56,8.40,0.18,27.35,9.55,0.19,23.19,8.31,0.15,24.50,9.00,0.15,23.42,8.75,0.14,24.87,9.39,0.14,27.32,10.37,0.15,30.95,11.97,0.15,34.74,13.58,0.17,35.72,14.13,0.18,23.86,9.51,0.12,30.83,11.90,0.16,37.61,15.16,0.18
"06231 Storitve laboratorijev za medicinske analize in rentgenskih oddelkov",1.26,0.42,0.01,1.29,0.44,0.01,1.24,0.43,0.01,1.17,0.42,0.01,1.12,0.41,0.01,1.34,0.50,0.01,1.53,0.58,0.01,1.92,0.73,0.01,2.42,0.94,0.01,2.97,1.16,0.01,2.61,1.03,0.01,4.41,1.76,0.02,5.11,1.97,0.03,8.09,3.26,0.04
"06232 Termalna kopališèa, korektivna gimnastièna terapija, ambulantne storitve in najem terapevtske opreme",3.65,1.22,0.03,2.47,0.84,0.02,2.67,0.93,0.02,2.93,1.05,0.02,3.29,1.21,0.02,3.03,1.13,0.02,2.35,0.89,0.01,1.66,0.63,0.01,1.52,0.59,0.01,3.70,1.45,0.02,4.35,1.72,0.02,12.03,4.79,0.06,6.18,2.38,0.03,9.70,3.91,0.05
"06239 Druge paramedicinske storitve",18.67,6.26,0.15,20.80,7.12,0.15,23.45,8.19,0.16,19.10,6.85,0.12,20.09,7.38,0.12,19.05,7.12,0.11,20.99,7.92,0.12,23.74,9.02,0.13,27.02,10.44,0.13,28.07,10.97,0.14,28.75,11.38,0.14,7.42,2.96,0.04,19.54,7.54,0.10,19.82,7.99,0.09
"063 Bolnišniène storitve",0.89,0.30,0.01,0.94,0.32,0.01,0.83,0.29,0.01,0.77,0.28,0.01,1.35,0.49,0.01,2.08,0.78,0.01,3.25,1.23,0.02,3.66,1.39,0.02,3.04,1.17,0.01,3.67,1.44,0.02,3.62,1.43,0.02,N,N,0.03,N,N,0.06,N,N,0.05
"07 PREVOZ",2056.08,689.43,16.05,2068.42,707.83,15.21,2069.57,722.89,14.21,2343.94,840.07,15.18,2701.57,991.82,16.22,2864.76,1070.86,16.64,2870.11,1083.42,15.93,2876.61,1092.49,15.29,3013.64,1165.00,14.52,2926.51,1144.06,14.39,2901.33,1147.77,14.26,3239.10,1290.40,16.83,3600.84,1389.55,18.47,4184.04,1686.19,19.59
"071 Nakup prevoznih sredstev",946.03,317.21,7.39,829.94,284.01,6.10,790.73,276.19,5.43,992.73,355.80,6.43,1314.11,482.44,7.89,1434.47,536.21,8.33,1433.10,540.97,7.95,1408.68,535.00,7.49,1468.20,567.57,7.07,1409.80,551.14,6.93,1296.04,512.71,6.37,1051.48,418.90,5.46,1230.52,474.85,6.31,1721.70,693.86,8.08
"0711 Avtomobili",925.29,310.26,7.22,809.98,277.18,5.96,764.89,267.17,5.25,962.78,345.07,6.23,1236.19,453.84,7.42,1357.37,507.39,7.88,1351.84,510.29,7.50,1369.73,520.20,7.28,1422.41,549.87,6.85,1366.46,534.19,6.71,1249.95,494.48,6.15,1025.58,408.58,5.33,1183.08,456.55,6.07,1659.95,668.97,7.79
"07111 Novi avtomobili",686.20,230.09,5.36,569.77,194.98,4.19,515.59,180.09,3.54,601.89,215.72,3.90,772.63,283.65,4.64,846.64,316.47,4.92,864.99,326.52,4.80,833.64,316.61,4.43,821.13,317.43,3.96,783.83,306.42,3.85,727.40,287.76,3.58,458.41,182.63,2.38,595.07,229.64,3.05,877.18,353.51,4.12
"07112 Rabljeni avtomobili",239.10,80.17,1.87,240.21,82.20,1.77,249.31,87.08,1.71,360.89,129.35,2.34,463.56,170.19,2.78,510.74,190.91,2.97,486.85,183.78,2.70,536.08,203.60,2.85,601.28,232.44,2.90,582.63,227.77,2.86,522.55,206.72,2.57,567.17,225.96,2.95,588.01,226.91,3.02,782.77,315.46,3.68
"0712 Motorna kolesa",7.38,2.48,0.06,7.37,2.52,0.05,10.55,3.68,0.07,12.34,4.42,0.08,55.89,20.52,0.34,55.54,20.76,0.32,60.74,22.93,0.34,22.21,8.43,0.12,25.81,9.98,0.12,19.64,7.68,0.10,20.21,7.99,0.10,9.87,3.93,0.05,30.85,11.90,0.16,26.67,10.75,0.13
"0713 Kolesa",13.36,4.48,0.10,12.58,4.31,0.09,15.29,5.34,0.10,17.60,6.31,0.11,22.02,8.08,0.13,21.57,8.06,0.13,20.52,7.75,0.11,16.75,6.36,0.09,19.98,7.72,0.10,23.71,9.27,0.12,25.88,10.24,0.13,16.03,6.39,0.08,16.59,6.40,0.09,35.08,14.14,0.16
"072 Proizvodi in storitve za osebna vozila",982.41,329.42,7.67,1096.03,375.07,8.06,1136.68,397.04,7.80,1214.14,435.14,7.86,1256.37,461.25,7.54,1311.34,490.18,7.62,1319.95,498.26,7.33,1358.65,515.99,7.22,1422.75,550.00,6.86,1394.53,545.16,6.86,1474.99,583.51,7.25,2083.52,830.06,10.82,2290.55,883.92,11.75,2353.44,948.45,11.05
"0721 Rezervni deli in dodatki za osebna vozila",91.26,30.60,0.71,82.89,28.37,0.61,59.63,20.83,0.41,84.39,30.24,0.55,92.38,33.92,0.55,96.07,35.91,0.56,89.64,33.84,0.50,81.29,30.87,0.43,69.83,26.99,0.34,68.50,26.78,0.34,63.26,25.03,0.31,118.61,47.25,0.62,119.82,46.24,0.61,130.87,52.74,0.61
"0722 Goriva in maziva za osebna vozila",581.46,194.97,4.54,675.62,231.20,4.97,715.79,250.02,4.91,721.43,258.56,4.67,740.78,271.96,4.45,771.94,288.55,4.48,803.88,303.45,4.46,827.55,314.29,4.40,871.70,336.98,4.20,811.43,317.21,3.99,886.61,350.74,4.36,1444.15,575.34,7.50,1581.40,610.26,8.11,1528.16,615.86,7.18
"07221 Dizelsko gorivo",...,...,...,...,...,...,...,...,...,...,...,...,...,...,...,...,...,...,...,...,...,...,...,...,...,...,...,...,...,...,...,...,...,592.25,235.95,3.08,763.01,294.44,3.91,809.74,326.33,3.80
"07222 Bencin",...,...,...,...,...,...,...,...,...,...,...,...,...,...,...,...,...,...,...,...,...,...,...,...,...,...,...,...,...,...,...,...,...,837.96,333.83,4.35,804.87,310.60,4.13,704.10,283.76,3.31
"07223 Druga goriva za osebna vozila",...,...,...,...,...,...,...,...,...,...,...,...,...,...,...,...,...,...,...,...,...,...,...,...,...,...,...,...,...,...,...,...,...,N,N,0.03,6.15,2.38,0.03,N,N,0.03
"07224 Maziva",...,...,...,...,...,...,...,...,...,...,...,...,...,...,...,...,...,...,...,...,...,...,...,...,...,...,...,...,...,...,...,...,...,7.31,2.91,0.04,7.37,2.84,0.04,8.81,3.55,0.04
"0723 Vzdrževanje in popravilo osebnih vozil",119.84,40.19,0.94,143.37,49.06,1.05,159.16,55.59,1.09,189.37,67.87,1.23,197.18,72.39,1.18,216.38,80.88,1.26,209.07,78.92,1.16,220.94,83.91,1.17,233.79,90.38,1.13,244.17,95.45,1.20,243.72,96.42,1.20,228.66,91.10,1.19,251.72,97.14,1.29,298.14,120.15,1.40
"0724 Druge storitve v zvezi z osebnimi vozili",189.86,63.67,1.48,194.15,66.44,1.43,202.11,70.59,1.39,218.95,78.47,1.42,226.03,82.98,1.36,226.95,84.84,1.32,217.37,82.05,1.21,228.87,86.92,1.22,247.42,95.65,1.19,270.43,105.72,1.33,281.40,111.32,1.38,292.11,116.37,1.52,337.61,130.28,1.73,396.27,159.70,1.86
"073 Prevozne storitve",127.64,42.80,1.00,142.45,48.75,1.05,142.16,49.66,0.98,137.07,49.13,0.89,131.09,48.13,0.79,118.95,44.47,0.69,117.06,44.19,0.65,109.28,41.50,0.58,122.69,47.43,0.59,122.18,47.76,0.60,130.30,51.55,0.64,104.10,41.47,0.54,79.77,30.78,0.41,108.90,43.89,0.51
"0731 Potniški železniški prevoz",18.42,6.18,0.14,18.88,6.46,0.14,22.60,7.89,0.16,24.16,8.66,0.16,22.70,8.33,0.14,20.23,7.56,0.12,18.89,7.13,0.10,21.40,8.13,0.11,21.97,8.49,0.11,19.91,7.78,0.10,22.40,8.86,0.11,14.93,5.95,0.08,10.16,3.92,0.05,9.65,3.89,0.05
"0732 Potniški cestni prevoz",90.26,30.26,0.70,103.66,35.47,0.76,103.92,36.30,0.71,101.67,36.44,0.66,93.03,34.16,0.56,84.93,31.75,0.49,81.82,30.89,0.45,76.50,29.05,0.41,79.31,30.66,0.38,74.93,29.29,0.37,71.31,28.21,0.35,45.10,17.97,0.23,39.85,15.38,0.20,42.13,16.98,0.20
"0733 Potniški zraèni prevoz",16.58,5.56,0.13,17.11,5.86,0.13,11.43,3.99,0.08,7.42,2.66,0.05,11.50,4.22,0.07,10.92,4.08,0.06,12.10,4.57,0.07,6.92,2.63,0.04,15.45,5.97,0.07,22.60,8.83,0.11,31.53,12.47,0.16,28.68,11.42,0.15,15.00,5.79,0.08,40.15,16.18,0.19
"0734 Potniški prevoz po morju in celinskih plovnih poteh",1.19,0.40,0.01,1.53,0.52,0.01,3.00,1.05,0.02,3.48,1.25,0.02,3.37,1.24,0.02,2.50,0.93,0.01,2.79,1.05,0.02,3.14,1.19,0.02,4.40,1.70,0.02,3.99,1.56,0.02,4.19,1.66,0.02,N,N,0.03,N,N,0.02,3.59,1.45,0.02
"0735 Kombinirani potniški prevoz",...,...,...,...,...,...,...,...,...,...,...,...,...,...,...,...,...,...,...,...,...,...,...,...,...,...,...,...,...,...,...,...,...,N,N,0.02,7.63,2.94,0.04,11.96,4.82,0.06
"0736 Druge plaèane prevozne storitve",1.19,0.40,0.01,1.27,0.43,0.01,1.22,0.42,0.01,0.34,0.12,0.00,0.49,0.18,0.00,0.37,0.14,0.00,1.46,0.55,0.01,1.32,0.50,0.01,1.55,0.60,0.01,0.75,0.29,0.00,0.87,0.34,0.00,N,N,0.03,2.55,0.98,0.01,1.41,0.57,0.01
"08 KOMUNIKACIJE",365.26,122.48,2.85,464.42,158.93,3.42,565.77,197.62,3.88,630.01,225.80,4.08,690.68,253.57,4.14,747.97,279.59,4.34,800.97,302.35,4.44,838.74,318.54,4.46,907.89,350.97,4.37,900.90,352.19,4.43,905.73,358.31,4.45,953.17,379.74,4.95,988.96,381.64,5.07,1016.06,409.48,4.76
"081 Poštne storitve",5.16,1.73,0.04,5.34,1.83,0.04,5.79,2.02,0.04,6.65,2.38,0.04,6.64,2.44,0.04,6.44,2.41,0.04,6.05,2.28,0.03,5.00,1.90,0.03,5.38,2.08,0.03,7.69,3.01,0.04,8.43,3.34,0.04,2.77,1.10,0.01,7.16,2.76,0.04,9.17,3.69,0.04
"0810 Poštne storitve",5.16,1.73,0.04,5.34,1.83,0.04,5.79,2.02,0.04,6.65,2.38,0.04,6.64,2.44,0.04,6.44,2.41,0.04,6.05,2.28,0.03,5.00,1.90,0.03,5.38,2.08,0.03,7.69,3.01,0.04,8.43,3.34,0.04,2.77,1.10,0.01,7.16,2.76,0.04,9.17,3.69,0.04
"08101 Storitve razvršèanja pisem",4.64,1.56,0.04,4.95,1.70,0.04,5.51,1.92,0.04,6.10,2.19,0.04,5.94,2.18,0.04,5.65,2.11,0.03,5.26,1.99,0.03,4.65,1.77,0.02,4.46,1.72,0.02,6.20,2.43,0.03,6.50,2.57,0.03,2.39,0.95,0.01,5.09,1.96,0.03,4.70,1.90,0.02
"08109 Druge poštne storitve",0.52,0.17,0.00,0.38,0.13,0.00,0.28,0.10,0.00,0.55,0.20,0.00,0.70,0.26,0.00,0.79,0.30,0.00,0.79,0.30,0.00,0.35,0.13,0.00,0.92,0.36,0.00,1.48,0.58,0.01,1.93,0.77,0.01,0.38,0.15,0.00,2.07,0.80,0.01,4.46,1.80,0.02
"082 Telefonske in telefaks naprave",24.59,8.25,0.19,27.11,9.28,0.20,28.04,9.80,0.19,24.76,8.88,0.16,24.18,8.88,0.15,24.81,9.27,0.14,24.53,9.26,0.14,23.83,9.05,0.13,25.36,9.80,0.12,23.37,9.14,0.11,23.84,9.43,0.12,20.36,8.11,0.11,56.54,21.82,0.29,82.60,33.29,0.39
"0820 Telefonske in telefaks naprave",24.59,8.25,0.19,27.11,9.28,0.20,28.04,9.80,0.19,24.76,8.88,0.16,24.18,8.88,0.15,24.81,9.27,0.14,24.53,9.26,0.14,23.83,9.05,0.13,25.36,9.80,0.12,23.37,9.14,0.11,23.84,9.43,0.12,20.36,8.11,0.11,56.54,21.82,0.29,82.60,33.29,0.39
"08201 Naprave za fiksno telefonijo",20.66,6.93,0.16,24.90,8.52,0.18,25.47,8.90,0.17,23.06,8.27,0.15,23.21,8.52,0.14,23.73,8.87,0.14,23.52,8.88,0.13,22.72,8.63,0.12,23.53,9.10,0.11,21.81,8.53,0.11,22.21,8.79,0.11,1.36,0.54,0.01,0.91,0.35,0.00,N,N,0.00
"08202 Naprave za mobilno telefonijo",...,...,...,...,...,...,...,...,...,...,...,...,...,...,...,...,...,...,...,...,...,...,...,...,...,...,...,...,...,...,...,...,...,18.30,7.29,0.10,54.82,21.15,0.28,80.81,32.57,0.38
"08203 Druge telefonske in telefaks naprave",1.46,0.49,0.01,0.73,0.25,0.01,0.77,0.27,0.01,1.03,0.37,0.01,0.73,0.27,0.00,1.06,0.40,0.01,1.01,0.38,0.01,1.12,0.42,0.01,1.54,0.59,0.01,1.27,0.50,0.01,1.34,0.53,0.01,N,N,0.00,N,N,0.00,N,N,0.00
"08204 Popravila telefonskih ali telefaks naprav",2.47,0.83,0.02,1.49,0.51,0.01,1.80,0.63,0.01,0.67,0.24,0.00,0.24,0.09,0.00,0.02,0.01,0.00,0.00,0.00,0.00,0.00,0.00,0.00,0.29,0.11,0.00,0.29,0.11,0.00,0.30,0.12,0.00,N,N,0.00,N,N,0.00,N,N,0.00
"083 Telefonske in telefaks storitve",335.50,112.50,2.62,431.97,147.82,3.18,531.95,185.80,3.65,598.60,214.54,3.88,659.86,242.25,3.96,716.72,267.91,4.16,770.40,290.81,4.27,809.91,307.59,4.31,877.15,339.08,4.23,869.84,340.05,4.27,873.46,345.54,4.29,930.05,370.52,4.83,925.26,357.06,4.75,924.29,372.50,4.34
"0830 Telefonske in telefaks storitve",335.50,112.50,2.62,431.97,147.82,3.18,531.95,185.80,3.65,598.60,214.54,3.88,659.86,242.25,3.96,716.72,267.91,4.16,770.40,290.81,4.27,809.91,307.59,4.31,877.15,339.08,4.23,869.84,340.05,4.27,873.46,345.54,4.29,930.05,370.52,4.83,925.26,357.06,4.75,924.29,372.50,4.34
"08301 Fiksna telefonija",206.89,69.38,1.62,218.60,74.80,1.61,227.05,79.31,1.56,237.99,85.30,1.54,236.96,86.99,1.42,232.96,87.08,1.35,229.69,86.70,1.27,227.77,86.50,1.21,233.31,90.19,1.12,223.14,87.23,1.10,220.23,87.12,1.08,87.26,34.76,0.45,30.12,11.62,0.15,14.70,5.92,0.07
"08302 Mobilna telefonija",120.54,40.42,0.94,193.75,66.30,1.43,269.45,94.11,1.85,313.40,112.32,2.03,361.05,132.55,2.17,404.59,151.24,2.35,442.19,166.92,2.45,467.63,177.60,2.49,506.62,195.84,2.44,500.96,195.84,2.46,494.63,195.68,2.43,505.13,201.24,2.62,480.64,185.48,2.47,401.28,161.72,1.88
"08303 Dostop do interneta",...,...,...,...,...,...,35.04,12.24,0.24,47.21,16.92,0.31,61.85,22.71,0.37,79.17,29.59,0.46,98.52,37.19,0.55,114.51,43.49,0.61,137.22,53.05,0.66,145.68,56.95,0.72,158.54,62.72,0.78,73.87,29.43,0.38,21.71,8.38,0.11,12.76,5.14,0.06
"08304 Paketne telekomunikacijske storitve",...,...,...,...,...,...,...,...,...,...,...,...,...,...,...,...,...,...,...,...,...,...,...,...,...,...,...,...,...,...,...,...,...,263.79,105.09,1.37,389.84,150.44,2.00,495.41,199.65,2.33
"08305 Druge storitve prenosa podatkov",8.07,2.71,0.06,19.63,6.72,0.14,0.40,0.14,0.00,0.00,0.00,0.00,0.00,0.00,0.00,0.00,0.00,0.00,0.00,0.00,0.00,0.00,0.00,0.00,0.00,0.00,0.00,0.06,0.03,0.00,0.06,0.02,0.00,0.00,0.00,0.00,N,N,0.02,N,N,0.00
"09 REKREACIJA IN KULTURA",1089.86,365.45,8.51,1208.88,413.69,8.89,1385.58,483.97,9.51,1512.93,542.25,9.79,1623.48,596.02,9.74,1628.43,608.71,9.46,1633.08,616.45,9.06,1682.58,639.02,8.95,1906.22,736.89,9.18,1871.84,731.76,9.20,1964.30,777.08,9.66,1684.34,671.03,8.75,1466.34,565.86,7.52,1775.56,715.56,8.31
"091 Avdiovizualna in fotografska oprema ter oprema za obdelavo podatkov",137.27,46.03,1.07,127.72,43.71,0.94,134.93,47.13,0.93,147.44,52.85,0.95,162.77,59.76,0.98,166.93,62.40,0.97,175.53,66.26,0.97,178.56,67.82,0.95,203.41,78.63,0.98,208.75,81.61,1.03,213.56,84.49,1.05,143.22,57.06,0.74,121.00,46.69,0.62,126.08,50.81,0.59
"0911 Oprema za sprejemanje, snemanje ter reprodukcijo zvoka in slike",39.41,13.21,0.31,39.49,13.51,0.29,39.32,13.73,0.27,42.54,15.25,0.28,42.78,15.71,0.26,42.97,16.06,0.25,53.69,20.27,0.30,64.47,24.49,0.34,80.37,31.07,0.39,85.55,33.44,0.42,95.91,37.94,0.47,57.67,22.98,0.30,36.42,14.05,0.19,43.38,17.48,0.20
"0912 Fotografska in kinematografska oprema ter optièni instrumenti",8.43,2.83,0.07,8.18,2.80,0.06,9.21,3.22,0.06,13.42,4.81,0.09,20.06,7.36,0.12,24.10,9.01,0.14,26.02,9.82,0.14,27.42,10.41,0.15,29.38,11.36,0.14,26.94,10.53,0.13,23.31,9.22,0.11,17.25,6.87,0.09,11.90,4.59,0.06,8.15,3.28,0.04
"0913 Oprema za obdelavo podatkov",56.62,18.98,0.44,48.64,16.64,0.36,53.95,18.84,0.37,60.80,21.79,0.39,68.33,25.09,0.41,72.21,26.99,0.42,70.10,26.46,0.39,66.74,25.35,0.35,73.59,28.45,0.35,77.85,30.43,0.38,76.93,30.43,0.38,60.67,24.17,0.32,62.74,24.21,0.32,64.56,26.02,0.30
"0914 Snemalni mediji za sliko in zvok",24.83,8.32,0.19,24.37,8.34,0.18,24.69,8.62,0.17,22.18,7.95,0.14,23.74,8.71,0.14,21.95,8.20,0.13,22.52,8.50,0.12,19.03,7.23,0.10,18.67,7.22,0.09,16.92,6.61,0.08,15.16,6.00,0.07,6.04,2.41,0.03,8.59,3.31,0.04,8.49,3.42,0.04
"0915 Popravilo avdiovizualne, fotografske opreme ter opreme za obdelavo podatkov",7.99,2.68,0.06,7.04,2.41,0.05,7.76,2.71,0.05,8.50,3.05,0.06,7.86,2.88,0.05,5.71,2.13,0.03,3.20,1.21,0.02,0.90,0.34,0.00,1.40,0.54,0.01,1.49,0.58,0.01,2.26,0.89,0.01,1.59,0.63,0.01,1.35,0.52,0.01,1.51,0.61,0.01
"092 Drugo veèje trajno blago za rekreacijo in kulturo",30.74,10.31,0.24,33.57,11.49,0.25,36.25,12.66,0.25,25.35,9.08,0.16,24.05,8.83,0.14,23.14,8.65,0.13,33.83,12.77,0.19,41.11,15.61,0.22,66.87,25.85,0.32,60.34,23.59,0.30,71.21,28.17,0.35,83.22,33.15,0.43,61.51,23.74,0.32,87.63,35.32,0.41
"0921 Veèje trajno blago za rekreacijo na prostem",21.32,7.15,0.17,23.13,7.91,0.17,24.30,8.49,0.17,17.10,6.13,0.11,17.46,6.41,0.10,15.86,5.93,0.09,24.08,9.09,0.13,28.19,10.71,0.15,53.07,20.51,0.26,43.67,17.07,0.21,43.04,17.03,0.21,N,N,0.26,N,N,0.11,N,N,0.13
"0922 Glasbila in veèje trajno blago za rekreacijo v zaprtih prostorih",7.28,2.44,0.06,7.97,2.73,0.06,9.39,3.28,0.06,7.68,2.75,0.05,6.21,2.28,0.04,6.60,2.47,0.04,8.72,3.29,0.05,9.37,3.56,0.05,10.07,3.89,0.05,12.26,4.79,0.06,18.66,7.38,0.09,17.10,6.81,0.09,30.36,11.72,0.16,43.48,17.52,0.20
"0923 Vzdrževanje in popravila drugega veèjega trajnega blaga za rekreacijo in kulturo",2.15,0.72,0.02,2.46,0.84,0.02,2.56,0.89,0.02,0.57,0.20,0.00,0.38,0.14,0.00,0.68,0.25,0.00,1.03,0.39,0.01,3.54,1.35,0.02,3.73,1.44,0.02,4.41,1.72,0.02,9.51,3.76,0.05,15.81,6.30,0.08,10.48,4.04,0.05,16.79,6.77,0.08
"093 Drugi rekreacijski predmeti, vrtnarjenje in male živali",277.53,93.06,2.17,287.97,98.54,2.12,302.48,105.65,2.08,318.51,114.16,2.06,344.43,126.45,2.07,362.22,135.40,2.10,367.02,138.54,2.04,365.53,138.82,1.94,394.98,152.69,1.90,388.65,151.94,1.91,411.42,162.76,2.02,340.55,135.67,1.77,367.72,141.90,1.89,466.98,188.19,2.19
"0931 Igre, igraèe in hobiji",43.39,14.55,0.34,43.26,14.80,0.32,46.82,16.35,0.32,45.74,16.39,0.30,48.69,17.88,0.29,51.49,19.25,0.30,54.15,20.44,0.30,61.61,23.40,0.33,70.20,27.14,0.34,68.17,26.65,0.33,71.98,28.48,0.35,49.87,19.87,0.26,50.77,19.59,0.26,68.21,27.49,0.32
"0932 Oprema za šport, taborjenje in rekreacijo na prostem",53.81,18.04,0.42,49.90,17.07,0.37,53.85,18.81,0.37,57.87,20.74,0.37,77.82,28.57,0.47,82.37,30.79,0.48,78.87,29.77,0.44,67.35,25.58,0.36,68.86,26.62,0.33,71.52,27.96,0.35,77.76,30.76,0.38,49.68,19.79,0.26,46.66,18.01,0.24,64.23,25.89,0.30
"0933 Vrtnarjenje, rastline in cvetje",126.80,42.52,0.99,135.13,46.24,0.99,135.40,47.29,0.93,142.37,51.03,0.92,144.94,53.21,0.87,150.56,56.28,0.87,157.01,59.27,0.87,156.73,59.52,0.83,165.36,63.93,0.80,152.78,59.73,0.75,154.92,61.29,0.76,109.14,43.48,0.57,116.29,44.88,0.60,128.58,51.82,0.60
"0934 Male živali in izdelki zanje",48.53,16.27,0.38,55.38,18.95,0.41,62.98,22.00,0.43,66.48,23.83,0.43,67.88,24.92,0.41,69.38,25.94,0.40,70.18,26.49,0.39,72.82,27.66,0.39,83.64,32.33,0.40,89.43,34.96,0.44,97.30,38.49,0.48,100.58,40.07,0.52,116.54,44.97,0.60,158.42,63.84,0.74
"0935 Veterinarske in druge storitve za domaèe male živali",5.00,1.68,0.04,4.31,1.47,0.03,3.44,1.20,0.02,6.05,2.17,0.04,5.10,1.87,0.03,8.42,3.15,0.05,6.82,2.57,0.04,7.02,2.67,0.04,6.91,2.67,0.03,6.76,2.64,0.03,9.47,3.75,0.05,31.28,12.46,0.16,37.46,14.46,0.19,47.54,19.16,0.22
"094 Rekreacijske in kulturne storitve",304.20,102.01,2.37,323.66,110.77,2.38,350.50,122.42,2.41,369.75,132.51,2.40,388.45,142.61,2.33,386.91,144.63,2.24,384.47,145.14,2.14,401.99,152.66,2.14,453.41,175.28,2.18,463.51,181.20,2.28,492.11,194.67,2.42,422.93,168.49,2.20,452.06,174.45,2.32,515.24,207.65,2.42
"0941 Rekreacijske in športne storitve",96.91,32.50,0.76,96.36,32.98,0.71,106.46,37.19,0.73,118.07,42.32,0.76,125.65,46.12,0.75,122.35,45.73,0.71,115.43,43.57,0.64,129.16,49.04,0.69,151.82,58.70,0.73,158.69,62.03,0.78,162.03,64.09,0.80,134.69,53.66,0.70,175.80,67.84,0.90,228.26,91.99,1.07
"09411 Rekreacijske in športne storitve – pasivna udeležba",8.25,2.77,0.06,8.19,2.80,0.06,6.80,2.38,0.05,5.84,2.09,0.04,5.07,1.86,0.03,3.64,1.36,0.02,2.28,0.86,0.01,2.14,0.81,0.01,2.90,1.12,0.01,3.26,1.27,0.02,3.96,1.57,0.02,15.15,6.03,0.08,19.16,7.39,0.10,22.06,8.89,0.10
"09412 Rekreacijske in športne storitve – aktivna udeležba",88.66,29.73,0.69,88.18,30.18,0.65,99.67,34.81,0.68,112.23,40.22,0.73,120.59,44.27,0.72,118.70,44.37,0.69,113.13,42.71,0.63,127.02,48.24,0.68,148.93,57.57,0.72,155.44,60.77,0.76,158.06,62.53,0.78,119.54,47.62,0.62,156.64,60.45,0.80,206.20,83.10,0.97
"0942 Kulturne storitve",190.40,63.86,1.49,209.63,71.74,1.54,226.93,79.26,1.55,234.30,83.97,1.52,245.64,90.19,1.47,247.26,92.43,1.43,256.18,96.71,1.43,259.33,98.49,1.38,288.31,111.45,1.39,290.61,113.61,1.43,318.40,125.96,1.57,275.52,109.76,1.43,251.79,97.16,1.29,270.11,108.85,1.27
"09421 Kinematografi, gledališèa, koncerti",18.69,6.27,0.15,21.56,7.38,0.16,23.58,8.23,0.16,23.11,8.28,0.15,25.68,9.43,0.15,23.03,8.61,0.13,23.30,8.80,0.13,17.99,6.83,0.10,21.25,8.22,0.10,16.82,6.57,0.08,17.17,6.79,0.08,41.97,16.72,0.22,37.88,14.62,0.19,47.88,19.30,0.22
"09422 Muzeji, knjižnice, živalski vrtovi",5.33,1.79,0.04,5.64,1.93,0.04,4.53,1.58,0.03,4.08,1.46,0.03,4.76,1.75,0.03,5.47,2.05,0.03,6.49,2.45,0.04,6.94,2.63,0.04,6.44,2.49,0.03,3.76,1.47,0.02,3.96,1.57,0.02,12.35,4.92,0.06,12.92,4.99,0.07,18.86,7.60,0.09
"09423 Naroènine na televizijo in radio",142.69,47.84,1.11,156.48,53.55,1.15,169.76,59.30,1.16,182.69,65.48,1.18,194.75,71.50,1.17,201.48,75.31,1.17,211.13,79.70,1.17,220.61,83.79,1.17,247.88,95.82,1.19,258.34,100.99,1.27,282.03,111.57,1.39,209.57,83.49,1.09,188.44,72.72,0.97,179.19,72.21,0.84
"09424 Najem opreme in dodatkov za kulturo",3.56,1.19,0.03,4.04,1.38,0.03,4.71,1.65,0.03,4.76,1.71,0.03,4.07,1.49,0.02,4.85,1.81,0.03,4.31,1.63,0.02,4.44,1.69,0.02,4.26,1.65,0.02,4.20,1.64,0.02,4.08,1.61,0.02,N,N,0.00,4.93,1.90,0.03,10.72,4.32,0.05
"09425 Fotografske storitve",18.98,6.36,0.15,20.80,7.12,0.15,23.35,8.16,0.16,19.66,7.05,0.13,16.38,6.01,0.10,11.69,4.37,0.07,10.20,3.85,0.06,8.55,3.25,0.05,7.32,2.83,0.04,6.32,2.47,0.03,9.98,3.95,0.05,11.40,4.54,0.06,7.47,2.88,0.04,13.25,5.34,0.06
"09429 Druge kulturne storitve",1.16,0.39,0.01,1.12,0.38,0.01,1.01,0.35,0.01,0.00,0.00,0.00,0.00,0.00,0.00,0.74,0.28,0.00,0.76,0.29,0.00,0.80,0.30,0.00,1.16,0.45,0.01,1.17,0.46,0.01,1.18,0.47,0.01,N,N,0.00,N,N,0.00,N,N,0.00
"0943 Igre na sreèo",16.89,5.66,0.13,17.66,6.05,0.13,17.09,5.97,0.12,17.39,6.23,0.11,17.15,6.29,0.10,17.31,6.47,0.10,12.87,4.86,0.07,13.51,5.13,0.07,13.28,5.13,0.06,14.21,5.55,0.07,11.68,4.62,0.06,12.72,5.07,0.07,24.48,9.44,0.13,16.88,6.80,0.08
"095 Èasopisi, knjige in pisalne potrebšèine",211.15,70.80,1.65,219.31,75.05,1.61,226.11,78.98,1.55,229.46,82.24,1.49,238.32,87.49,1.43,229.90,85.94,1.34,218.11,82.33,1.21,218.08,82.83,1.16,225.83,87.29,1.08,229.77,89.83,1.13,245.32,97.05,1.20,265.76,105.88,1.38,232.27,89.63,1.19,236.37,95.26,1.11
"0951 Knjige",53.67,18.00,0.42,52.58,17.99,0.39,57.11,19.95,0.39,59.95,21.49,0.39,61.88,22.72,0.37,54.59,20.41,0.32,44.19,16.68,0.25,39.32,14.93,0.21,40.22,15.55,0.19,43.50,17.01,0.21,51.42,20.34,0.25,110.96,44.21,0.58,84.67,32.67,0.43,85.18,34.33,0.40
"09511 Leposlovne knjige",3.41,1.15,0.02,4.17,1.43,0.03,4.21,1.47,0.03,2.08,0.74,0.01,2.02,0.74,0.01,1.87,0.70,0.01,1.60,0.61,0.01,1.90,0.72,0.01,3.32,1.28,0.02,3.32,1.30,0.02,2.52,1.00,0.16,29.30,11.67,0.15,23.36,9.01,0.12,26.86,10.83,0.13
"09512 Izobraževalni uèbeniki",22.81,7.65,0.16,25.04,8.57,0.18,28.76,10.05,0.20,30.10,10.79,0.19,25.87,9.50,0.16,17.27,6.45,0.10,11.11,4.19,0.06,8.20,3.11,0.04,8.40,3.25,0.04,14.19,5.55,0.07,19.42,7.68,0.08,71.26,28.39,0.37,53.91,20.80,0.28,51.51,20.76,0.24
"09513 Druge neleposlovne knjige",31.25,10.48,0.21,28.76,9.84,0.21,29.87,10.43,0.20,32.78,11.75,0.21,37.12,13.63,0.22,37.46,14.00,0.22,32.76,12.36,0.18,30.94,11.75,0.16,30.33,11.72,0.15,31.55,12.33,0.15,36.35,14.38,0.69,9.99,3.98,0.05,6.87,2.65,0.04,5.62,2.27,0.03
"09514 Storitev vezave in prenosa e-knjig",...,...,...,...,...,...,...,...,...,...,...,...,...,...,...,...,...,...,...,...,...,...,...,...,...,...,...,...,...,...,...,...,...,N,N,0.00,0.53,0.20,0.00,1.18,0.48,0.01
"0952 Èasopisi in periodièni tisk",115.73,38.80,0.90,120.69,41.30,0.89,125.28,43.76,0.86,127.75,45.79,0.83,133.63,49.06,0.80,135.06,50.49,0.78,135.29,51.07,0.75,140.76,53.46,0.75,145.73,56.33,0.70,142.50,55.71,0.70,138.93,54.96,0.68,121.99,48.60,0.63,96.23,37.13,0.49,91.42,36.84,0.43
"09521 Èasopisi",88.82,29.78,0.69,93.06,31.84,0.68,97.07,33.91,0.67,98.98,35.47,0.64,101.27,37.18,0.61,102.63,38.37,0.60,103.26,38.98,0.57,110.49,41.96,0.59,114.75,44.36,0.55,116.45,45.52,0.57,113.62,44.95,0.55,89.53,35.67,0.47,72.19,27.86,0.37,68.88,27.76,0.32
"09522 Revije in periodièni tisk",26.90,9.02,0.21,27.63,9.45,0.20,28.21,9.85,0.19,28.77,10.31,0.19,32.36,11.88,0.19,32.43,12.12,0.19,32.03,12.09,0.18,30.26,11.49,0.16,30.98,11.98,0.15,26.05,10.18,0.13,25.31,10.01,0.13,32.46,12.93,0.17,24.04,9.28,0.12,22.54,9.08,0.11
"0953 Razne tiskovine",8.62,2.89,0.07,9.28,3.18,0.07,9.04,3.16,0.06,9.29,3.33,0.06,9.85,3.62,0.06,9.72,3.63,0.06,8.87,3.35,0.05,8.60,3.27,0.05,8.80,3.40,0.04,8.59,3.36,0.04,9.40,3.72,0.05,5.14,2.05,0.03,5.65,2.18,0.03,5.42,2.18,0.03
"0954 Pisalne potrebšèine in pribor za risanje",33.13,11.11,0.26,36.76,12.58,0.27,34.69,12.12,0.24,32.47,11.64,0.21,32.95,12.10,0.20,30.53,11.41,0.18,29.77,11.24,0.17,29.41,11.17,0.16,31.07,12.01,0.15,35.18,13.75,0.17,45.57,18.03,0.22,27.67,11.02,0.14,45.72,17.64,0.23,54.36,21.91,0.26
"09541 Izdelki iz papirja",12.39,4.15,0.10,13.26,4.54,0.10,12.42,4.34,0.09,11.15,3.99,0.07,9.89,3.63,0.06,8.71,3.25,0.05,7.87,2.97,0.04,7.65,2.91,0.04,8.00,3.09,0.04,11.90,4.65,0.06,14.75,5.83,0.07,5.57,2.22,0.03,18.88,7.29,0.10,23.76,9.57,0.11
"09549 Druge pisalne potrebšèine in pribor za risanje",16.93,5.68,0.13,18.11,6.20,0.13,16.53,5.78,0.11,16.33,5.85,0.11,19.94,7.32,0.12,19.82,7.41,0.12,20.63,7.79,0.11,20.03,7.61,0.11,21.25,8.22,0.10,17.71,6.93,0.09,23.95,9.48,0.15,22.10,8.80,0.11,26.84,10.36,0.14,30.60,12.33,0.14
"096 Poèitniški paketi",128.97,43.24,1.01,216.66,74.14,1.59,335.33,117.13,2.30,422.41,151.40,2.73,465.47,170.89,2.79,459.32,171.69,2.67,454.10,171.41,2.52,477.30,181.27,2.54,561.73,217.15,2.71,520.82,203.60,2.56,530.67,209.94,2.61,428.65,170.77,2.23,231.78,89.44,1.19,343.26,138.34,1.61
"0960 Poèitniški paketi",128.97,43.24,1.01,216.66,74.14,1.59,335.33,117.13,2.30,422.41,151.40,2.73,465.47,170.89,2.79,459.32,171.69,2.67,454.10,171.41,2.52,477.30,181.27,2.54,561.73,217.15,2.71,520.82,203.60,2.56,530.67,209.94,2.61,428.65,170.77,2.23,231.78,89.44,1.19,343.26,138.34,1.61
"09601 Poèitniški paketi doma",...,...,...,...,...,...,...,...,...,...,...,...,...,...,...,...,...,...,...,...,...,...,...,...,...,...,...,...,...,...,...,...,...,239.57,95.44,1.24,46.27,17.86,0.24,54.89,22.12,0.26
"09602 Poèitniški paketi tujini",...,...,...,...,...,...,...,...,...,...,...,...,...,...,...,...,...,...,...,...,...,...,...,...,...,...,...,...,...,...,...,...,...,189.08,75.33,0.98,185.51,71.59,0.95,288.38,116.22,1.35
"10 IZOBRAŽEVANJE",104.40,35.00,0.82,118.06,40.40,0.87,131.22,45.84,0.90,129.31,46.34,0.84,146.73,53.87,0.88,156.47,58.49,0.91,166.51,62.85,0.92,152.47,57.91,0.81,167.77,64.86,0.81,159.50,62.35,0.78,176.17,69.69,0.87,177.03,70.53,0.92,178.44,68.86,0.92,188.19,75.84,0.88
"101 Predprimarno in primarno izobraževanje",54.21,18.18,0.42,57.18,19.57,0.42,59.24,20.69,0.41,58.90,21.11,0.38,64.62,23.72,0.39,68.68,25.67,0.40,75.84,28.63,0.42,75.75,28.77,0.40,80.62,31.17,0.39,82.31,32.18,0.40,93.55,37.01,0.46,85.86,34.20,0.45,89.47,34.53,0.46,88.47,35.65,0.42
"102 Sekundarno izobraževanje",3.61,1.21,0.03,3.27,1.12,0.02,4.35,1.52,0.03,6.36,2.28,0.04,8.10,2.97,0.05,6.43,2.40,0.04,4.81,1.82,0.03,3.10,1.18,0.02,3.88,1.50,0.02,4.73,1.85,0.02,5.78,2.29,0.03,13.17,5.25,0.07,24.81,9.57,0.13,31.44,12.67,0.15
"103 Terciarno izobraževanje",22.82,7.65,0.18,30.31,10.37,0.22,33.08,11.55,0.23,34.76,12.46,0.23,44.29,16.26,0.27,52.23,19.52,0.30,59.56,22.48,0.33,51.01,19.37,0.27,63.59,24.58,0.31,53.35,20.86,0.26,57.45,22.73,0.28,65.42,26.06,0.34,53.99,20.84,0.28,51.73,20.85,0.24
"104 Izobraževanje, ki ni opredeljivo po stopnji",23.76,7.97,0.19,27.30,9.34,0.20,34.56,12.07,0.24,29.29,10.50,0.19,29.72,10.91,0.18,29.14,10.89,0.17,26.31,9.93,0.15,22.61,8.59,0.12,19.68,7.61,0.09,19.11,7.47,0.09,19.38,7.67,0.10,12.59,5.01,0.07,10.17,3.92,0.05,16.56,6.68,0.08
"11 RESTAVRACIJE IN HOTELI",668.70,224.22,5.22,707.13,241.98,5.20,790.69,276.18,5.43,809.14,290.00,5.24,752.37,276.21,4.51,698.48,261.09,4.06,628.22,237.14,3.48,648.64,246.34,3.45,742.16,286.90,3.58,719.32,281.21,3.53,782.96,309.74,3.85,606.70,241.70,3.15,990.54,382.25,5.08,1297.10,522.74,6.07
"111 Gostinske storitve",555.72,186.34,4.34,597.11,204.33,4.39,660.84,230.83,4.53,639.26,229.12,4.14,568.27,208.63,3.41,517.08,193.29,3.00,481.70,181.83,2.67,502.37,190.79,2.67,555.66,214.80,2.68,508.72,198.87,2.50,543.24,214.91,2.67,423.91,168.88,2.20,760.64,293.53,3.90,993.41,400.35,4.66
"1111 Restavracije, kavarne in podobno",401.99,134.79,3.14,434.32,148.63,3.19,492.33,171.97,3.38,474.29,169.99,3.07,417.97,153.45,2.51,382.29,142.90,2.22,361.04,136.28,2.00,381.16,144.76,2.03,428.65,165.71,2.07,392.15,153.31,1.93,429.42,169.88,2.11,279.74,111.45,1.45,305.47,117.88,1.57,483.44,194.83,2.27
"11111 Restavracije, kavarne in plesni klubi",332.28,111.42,2.59,371.85,127.25,2.74,437.24,152.73,3.00,419.09,150.21,2.71,361.01,132.54,2.17,332.12,124.15,1.93,303.50,114.56,1.68,321.65,122.16,1.71,363.32,140.45,1.75,340.07,132.94,1.67,376.20,148.82,1.85,264.28,105.29,1.37,292.68,112.94,1.50,472.97,190.61,2.22
"11112 Storitve hitre prehrane in storitve hrane za s sabo",69.71,23.37,0.54,62.47,21.38,0.46,55.09,19.24,0.38,55.20,19.78,0.36,56.95,20.91,0.34,50.17,18.75,0.29,57.54,21.72,0.32,59.51,22.60,0.32,65.33,25.26,0.31,52.09,20.36,0.26,53.22,21.06,0.26,15.47,6.16,0.08,12.79,4.94,0.07,10.47,4.22,0.05
"1112 Menze",153.73,51.55,1.20,162.79,55.71,1.20,168.51,58.86,1.16,164.97,59.13,1.07,150.30,55.18,0.90,134.79,50.38,0.78,120.66,45.55,0.67,121.21,46.03,0.64,127.00,49.10,0.61,116.56,45.57,0.57,113.81,45.03,0.56,144.17,57.43,0.75,455.17,175.65,2.33,509.97,205.52,2.39
"112 Nastanitvene storitve",112.98,37.88,0.88,110.02,37.65,0.81,129.85,45.35,0.89,169.88,60.89,1.10,184.10,67.59,1.10,181.40,67.81,1.05,146.52,55.31,0.81,146.27,55.55,0.78,186.50,72.10,0.90,210.61,82.33,1.03,239.72,94.83,1.18,182.79,72.82,0.95,229.90,88.72,1.18,303.69,122.39,1.43
"1120 Nastanitvene storitve",112.98,37.88,0.88,110.02,37.65,0.81,129.85,45.35,0.89,169.88,60.89,1.10,184.10,67.59,1.10,181.40,67.81,1.05,146.52,55.31,0.81,146.27,55.55,0.78,186.50,72.10,0.90,210.61,82.33,1.03,239.72,94.83,1.18,182.79,72.82,0.95,229.90,88.72,1.18,303.69,122.39,1.43
"11201 Hoteli, moteli, gostišèa in podobne nastanitvene storitve",...,...,...,...,...,...,...,...,...,...,...,...,...,...,...,...,...,...,...,...,...,...,...,...,...,...,...,...,...,...,...,...,...,94.42,37.62,0.49,134.74,52.00,0.69,206.04,83.03,0.97
"11202 Poèitniški centri, kampi, mladinska prenoèišèa in podobne nastanitvene storitve",...,...,...,...,...,...,...,...,...,...,...,...,...,...,...,...,...,...,...,...,...,...,...,...,...,...,...,...,...,...,...,...,...,19.52,7.78,0.10,28.62,11.04,0.15,36.26,14.61,0.17
"11203 Nastanitvene storitve drugih obratov",...,...,...,...,...,...,...,...,...,...,...,...,...,...,...,...,...,...,...,...,...,...,...,...,...,...,...,...,...,...,...,...,...,68.85,27.43,0.36,66.54,25.68,0.34,61.40,24.74,0.29
"12 RAZNOVRSTNO BLAGO IN STORITVE",1248.23,418.54,9.74,1338.74,458.12,9.85,1448.13,505.82,9.94,1510.51,541.38,9.78,1613.46,592.34,9.68,1650.78,617.07,9.59,1741.05,657.21,9.66,1817.86,690.40,9.67,1997.73,772.27,9.63,1994.99,779.90,9.80,2026.57,801.71,9.96,1924.59,766.74,10.00,2061.83,795.66,10.58,2191.16,883.05,10.26
"121 Osebna nega",370.27,124.15,2.89,367.28,125.69,2.70,372.71,130.18,2.56,366.49,131.35,2.37,377.30,138.52,2.26,368.87,137.88,2.14,378.34,142.82,2.10,384.09,145.87,2.04,427.90,165.42,2.06,402.62,157.39,1.98,425.96,168.51,2.09,342.92,136.62,1.78,458.48,176.93,2.35,494.51,199.29,2.32
"1211 Frizerski saloni in saloni za osebno nego",112.50,37.73,0.88,106.39,36.40,0.78,108.76,37.99,0.74,103.53,37.11,0.67,102.12,37.49,0.61,92.39,34.54,0.54,83.37,31.47,0.46,77.08,29.27,0.41,80.90,31.27,0.39,77.11,30.14,0.38,82.76,32.74,0.41,61.21,24.39,0.32,207.23,79.97,1.06,239.62,96.57,1.13
"12111 Frizerske storitve za moške in otroke",...,...,...,...,...,...,...,...,...,...,...,...,...,...,...,...,...,...,...,...,...,...,...,...,...,...,...,...,...,...,...,...,...,20.73,8.26,0.11,53.61,20.69,0.27,61.16,24.65,0.29
"12112 Frizerske storitve za ženske",...,...,...,...,...,...,...,...,...,...,...,...,...,...,...,...,...,...,...,...,...,...,...,...,...,...,...,...,...,...,...,...,...,25.63,10.21,0.13,128.72,49.67,0.66,140.60,56.66,0.66
"12113 Storitve za osebno nego",...,...,...,...,...,...,...,...,...,...,...,...,...,...,...,...,...,...,...,...,...,...,...,...,...,...,...,...,...,...,...,...,...,14.86,5.92,0.08,24.91,9.61,0.13,37.86,15.26,0.18
"1212 Elektrièni aparati za osebno nego",13.86,4.65,0.11,12.85,4.40,0.09,4.29,1.50,0.03,3.24,1.16,0.02,4.62,1.70,0.03,4.22,1.58,0.02,3.95,1.49,0.02,2.57,0.98,0.01,3.56,1.38,0.02,3.63,1.42,0.02,7.15,2.83,0.04,4.64,1.85,0.02,2.41,0.93,0.01,4.23,1.71,0.02
"1213 Drugi aparati in izdelki za osebno nego",243.90,81.78,1.90,248.05,84.88,1.82,259.65,90.69,1.78,259.72,93.08,1.68,270.56,99.33,1.62,272.25,101.77,1.58,291.03,109.86,1.61,304.44,115.62,1.62,343.44,132.76,1.65,321.88,125.83,1.58,336.04,132.94,1.65,277.07,110.38,1.44,248.84,96.03,1.28,250.66,101.02,1.18
"12131 Neelektriène naprave",12.52,4.21,0.10,13.18,4.51,0.10,13.55,4.73,0.09,14.31,5.13,0.09,15.05,5.53,0.09,16.53,6.18,0.10,19.20,7.25,0.11,20.66,7.85,0.11,21.83,8.44,0.11,18.93,7.40,0.09,20.50,8.11,0.10,25.85,10.30,0.13,22.61,8.72,0.12,27.46,11.06,0.13
"12132 Izdelki za osebno higieno in dobro poèutje, ezoterièni izdelki in izdelki za lepotno nego",231.38,77.57,1.81,234.87,80.37,1.72,246.10,85.96,1.69,245.41,87.95,1.59,255.51,93.80,1.53,255.72,95.59,1.48,271.83,102.61,1.50,283.78,107.77,1.51,321.61,124.32,1.54,302.95,118.43,1.49,315.54,124.83,1.55,251.22,100.08,1.31,226.23,87.30,1.16,223.20,89.95,1.05
"123 Predmeti za osebno rabo, d.n.",82.34,27.61,0.64,80.45,27.53,0.59,84.77,29.61,0.58,73.64,26.39,0.48,87.66,32.18,0.53,74.86,27.98,0.43,75.60,28.54,0.42,63.45,24.10,0.34,77.53,29.97,0.37,72.94,28.52,0.36,68.24,26.99,0.34,59.92,23.87,0.31,60.52,23.36,0.31,80.51,32.45,0.38
"1231 Nakit in ure",34.95,11.72,0.27,34.75,11.89,0.26,33.66,11.76,0.23,24.62,8.82,0.16,23.37,8.58,0.14,19.69,7.36,0.11,22.78,8.60,0.13,17.53,6.66,0.09,27.62,10.68,0.13,25.66,10.03,0.13,27.72,10.96,0.14,10.65,4.24,0.06,10.34,3.99,0.05,22.67,9.14,0.11
"1232 Drugi predmeti za osebno rabo",47.39,15.89,0.37,45.70,15.64,0.34,51.11,17.85,0.35,49.02,17.57,0.32,64.29,23.60,0.39,55.17,20.62,0.32,52.81,19.93,0.29,45.92,17.44,0.24,49.90,19.29,0.24,47.28,18.48,0.23,40.52,16.03,0.20,49.26,19.63,0.26,50.18,19.36,0.26,57.84,23.31,0.27
"124 Socialna zašèita",15.03,5.04,0.12,15.59,5.33,0.11,18.16,6.34,0.12,16.98,6.09,0.11,20.03,7.35,0.12,24.74,9.25,0.14,32.37,12.22,0.18,35.75,13.58,0.19,42.94,16.60,0.21,41.39,16.18,0.20,44.12,17.45,0.22,50.13,19.97,0.26,61.58,23.76,0.32,74.83,30.16,0.35
"125 Zavarovanje",657.37,220.42,5.13,741.97,253.90,5.46,827.64,289.09,5.68,902.08,323.31,5.84,966.60,354.86,5.80,1012.06,378.31,5.88,1073.21,405.12,5.95,1146.25,435.33,6.09,1249.71,483.11,6.02,1275.97,498.81,6.27,1283.72,507.84,6.31,1262.32,502.90,6.56,1265.96,488.53,6.49,1330.57,536.23,6.25
"1252 Stanovanjsko zavarovanje",59.05,19.80,0.46,64.36,22.03,0.47,68.85,24.05,0.47,75.00,26.88,0.49,80.42,29.52,0.48,84.29,31.51,0.49,88.41,33.37,0.49,101.74,38.64,0.54,120.97,46.76,0.58,134.73,52.67,0.66,140.97,55.77,0.69,164.07,65.37,0.85,153.17,59.11,0.79,160.90,64.84,0.76
"1253 Zdravstveno zavarovanje",336.18,112.72,2.62,376.65,128.89,2.77,412.33,144.02,2.83,436.17,156.33,2.82,456.26,167.51,2.74,468.67,175.19,2.72,497.19,187.68,2.76,525.02,199.40,2.79,566.37,218.94,2.73,566.43,221.43,2.78,564.01,223.12,2.77,561.61,223.74,2.92,629.24,242.82,3.23,649.11,261.59,3.05
"1254 Zavarovanje, povezano s prevozom",255.59,85.70,2.00,295.47,101.11,2.17,341.68,119.35,2.34,384.40,137.77,2.49,422.56,155.13,2.54,451.36,168.72,2.62,480.27,181.29,2.66,508.38,193.07,2.70,548.59,212.07,2.64,558.15,218.20,2.74,561.85,222.27,2.76,535.35,213.28,2.78,481.72,185.89,2.47,516.22,208.04,2.42
"1255 Druge vrste zavarovanja",6.55,2.20,0.05,5.49,1.88,0.04,4.77,1.67,0.03,6.51,2.33,0.04,7.35,2.70,0.04,7.72,2.89,0.04,7.35,2.78,0.04,11.11,4.22,0.06,13.79,5.33,0.07,16.66,6.51,0.08,16.89,6.68,0.08,1.28,0.51,0.01,N,N,0.01,N,N,0.02
"126 Finanène storitve, d.n.",22.44,7.52,0.18,25.49,8.72,0.19,29.68,10.37,0.20,35.49,12.72,0.23,40.46,14.85,0.24,43.47,16.25,0.25,46.00,17.37,0.26,47.85,18.17,0.25,53.61,20.72,0.26,56.20,21.97,0.28,61.77,24.44,0.30,119.78,47.72,0.62,118.25,45.63,0.61,118.03,47.57,0.55
"127 Druge storitve, d.n.",100.79,33.80,0.79,107.96,36.95,0.79,115.18,40.23,0.79,115.83,41.52,0.75,121.41,44.57,0.73,126.78,47.39,0.74,135.52,51.16,0.75,140.48,53.35,0.75,146.03,56.45,0.70,145.88,57.03,0.72,142.76,56.48,0.70,89.52,35.66,0.47,97.04,37.45,0.50,92.71,37.36,0.44
"20 DRUGI IZDATKI, KI NISO DEL POTROŠNIH IZDATKOV",1289.97,432.54,10.07,1365.04,467.12,10.04,1529.96,534.40,10.50,1701.77,609.93,11.02,2049.15,752.30,12.30,2258.80,844.35,13.12,2694.77,1017.22,14.95,2898.23,1100.71,15.41,3271.72,1264.76,15.76,3213.59,1256.29,15.79,2918.77,1154.67,14.35,2453.22,977.34,12.74,2162.80,834.62,11.09,1800.58,725.64,8.43
"201 IZDATKI POVEZANI S STANOVANJEM IN HIŠO",921.05,308.83,7.19,953.08,326.15,7.01,1064.67,371.88,7.31,1168.87,418.93,7.57,1454.54,534.00,8.73,1633.05,610.44,9.49,1930.98,728.90,10.71,2049.33,778.31,10.90,2330.48,900.90,11.23,2264.95,885.44,11.13,2050.36,811.12,10.08,1944.97,774.86,10.10,1729.10,667.25,8.87,1322.46,532.96,6.21
"202 RAZLIÈNI IZDATKI",368.93,123.70,2.88,411.96,140.97,3.03,465.29,162.52,3.19,532.90,191.00,3.45,594.61,218.30,3.57,625.75,233.91,3.63,763.80,288.32,4.24,848.90,322.40,4.51,941.24,363.86,4.54,948.64,370.85,4.66,868.41,343.55,4.27,508.24,202.48,2.64,433.70,167.36,2.22,478.12,192.69,2.25
